<?xml version="1.0" encoding="utf-8"?>
<PedOutfit xmlns:xsd="http://www.w3.org/2001/XMLSchema" xmlns:xsi="http://www.w3.org/2001/XMLSchema-instance">
  <Components>
    <int>1280</int>
    <int>4</int>
    <int>1</int>
    <int>26</int>
    <int>18</int>
    <int>0</int>
    <int>2</int>
    <int>0</int>
    <int>0</int>
    <int>0</int>
    <int>0</int>
    <int>0</int>
  </Components>
  <Props>
    <int>-1</int>
    <int>-1</int>
    <int>-1</int>
    <int>-1</int>
    <int>-1</int>
    <int>-1</int>
    <int>-1</int>
    <int>-1</int>
  </Props>
</PedOutfit>