<?xml version="1.0" encoding="utf-8"?>
<PedOutfit xmlns:xsd="http://www.w3.org/2001/XMLSchema" xmlns:xsi="http://www.w3.org/2001/XMLSchema-instance">
  <Components>
    <int>0</int>
    <int>0</int>
    <int>0</int>
    <int>16</int>
    <int>25</int>
    <int>0</int>
    <int>17</int>
    <int>0</int>
    <int>0</int>
    <int>0</int>
    <int>0</int>
    <int>0</int>
  </Components>
  <Props>
    <int>-1</int>
    <int>-1</int>
    <int>-1</int>
    <int>-1</int>
    <int>-1</int>
    <int>-1</int>
    <int>-1</int>
    <int>-1</int>
  </Props>
</PedOutfit>