﻿<?xml version="1.0" encoding="utf-8"?>
<Root>
  <Security>
    <Position>
      <Key>security-spot_346774635</Key>
      <X>-1118.686</X>
      <Y>-1706.054</Y>
      <Z>4.318303</Z>
      <Heading>251.5728</Heading>
      <Threshold>2</Threshold>
      <Description></Description>
    </Position>
    <Position>
      <Key>security-spot_343508281</Key>
      <X>-1118.035</X>
      <Y>-1703.557</Y>
      <Z>4.330352</Z>
      <Heading>224.5087</Heading>
      <Threshold>2</Threshold>
      <Description></Description>
    </Position>
    <Position>
      <Key>security-spot_490057370</Key>
      <X>-1150.902</X>
      <Y>-1727.219</Y>
      <Z>4.168064</Z>
      <Heading>193.5511</Heading>
      <Threshold>2</Threshold>
      <Description></Description>
    </Position>
    <Position>
      <Key>security-spot_479939680</Key>
      <X>-1148.586</X>
      <Y>-1726.738</Y>
      <Z>4.172412</Z>
      <Heading>166.991</Heading>
      <Threshold>2</Threshold>
      <Description></Description>
    </Position>
  </Security>
    <staff>
    <Position Key="Staff_408695684" function="Barmaid">
      <Key>Staff_408695684</Key>
      <X>-1132.003</X>
      <Y>-1716.985</Y>
      <Z>5.344109</Z>
      <Heading>37.01587</Heading>
      <Threshold>2</Threshold>
      <Description></Description>
    </Position>
    <Position Key="Staff_419261721" function="Barmaid">
      <Key>Staff_419261721</Key>
      <X>-1134.369</X>
      <Y>-1718.646</Y>
      <Z>5.344108</Z>
      <Heading>38.38115</Heading>
      <Threshold>2</Threshold>
      <Description></Description>
    </Position>
    <Position Key="Staff_458595572" function="Dj">
      <Key>Staff_458595572</Key>
      <X>-1144.337</X>
      <Y>-1700.879</Y>
      <Z>5.098227</Z>
      <Heading>223.1097</Heading>
      <Threshold>2</Threshold>
      <Description></Description>
    </Position>
  </staff>
</Root>