﻿<?xml version="1.0" encoding="utf-8"?>
<Root>
  <Security>
    <Position Key="Security_-1485663592">
      <Key>Security_-1485663592</Key>
      <X>-2831.46753</X>
      <Y>28.908699</Y>
      <Z>15.5512943</Z>
      <Heading>79.93814</Heading>
      <Threshold>2</Threshold>
      <Description>Sec entry</Description>
    </Position>
    <Position Key="Security_739272711">
      <Key>Security_739272711</Key>
      <X>-2826.14063</X>
      <Y>-41.5150757</Y>
      <Z>10.1618042</Z>
      <Heading>67.26758</Heading>
      <Threshold>2</Threshold>
      <Description>Sec 2 door</Description>
    </Position>
    <Position Key="Security_843264671">
      <Key>Security_843264671</Key>
      <X>-2857.94</X>
      <Y>-47.4558372</Y>
      <Z>9.46658</Z>
      <Heading>172.982956</Heading>
      <Threshold>2</Threshold>
      <Description>Sec 3</Description>
    </Position>
  </Security>
  <PointOfInterest>
    <Position Key="Poi_851669369" actions="sit,smoke,drink-whiskey">
      <Key>Poi_851669369</Key>
      <X>-2814.72485</X>
      <Y>-64.51433</Y>
      <Z>10.1742239</Z>
      <Heading>182.6339</Heading>
      <Threshold>2</Threshold>
      <Description>(Kitchen) : Chair gucci 1 </Description>
    </Position>
    <Position Key="Poi_849257707" actions="sit,smoke,drink-whiskey">
      <Key>Poi_849257707</Key>
      <X>-2812.01416</X>
      <Y>-65.66266</Y>
      <Z>10.1742268</Z>
      <Heading>128.108429</Heading>
      <Threshold>2</Threshold>
      <Description>(Kitchen) : Chair gucci 2</Description>
    </Position>
    <Position Key="Poi_825957532" actions="sit,lie-down,smoke,drink-whiskey">
      <Key>Poi_825957532</Key>
      <X>-2822.523</X>
      <Y>-57.308094</Y>
      <Z>9.496624</Z>
      <Heading>272.126221</Heading>
      <Threshold>2</Threshold>
      <Description>Tv couch</Description>
    </Position>
    <Position Key="Poi_835848257" actions="sit,lie-down,smoke,drink-whiskey">
      <Key>Poi_835848257</Key>
      <X>-2822.72119</X>
      <Y>-58.87729</Y>
      <Z>9.496635</Z>
      <Heading>315.7314</Heading>
      <Threshold>2</Threshold>
      <Description>Tv couch 2</Description>
    </Position>
    <Position Key="Poi_839745390" actions="sit,smoke,drink-whiskey">
      <Key>Poi_839745390</Key>
      <X>-2796.05884</X>
      <Y>-73.98353</Y>
      <Z>10.1502523</Z>
      <Heading>158.407211</Heading>
      <Threshold>2</Threshold>
      <Description>Office sit</Description>
    </Position>
    <Position Key="Poi_832036123" actions="sit,smoke,drink-whiskey">
      <Key>Poi_832036123</Key>
      <X>-2795.4104</X>
      <Y>-71.89241</Y>
      <Z>10.1500216</Z>
      <Heading>69.081604</Heading>
      <Threshold>2</Threshold>
      <Description>Office sit 2</Description>
    </Position>
    <Position Key="Poi_861254868" actions="sit,smoke,drink-whiskey">
      <Key>Poi_861254868</Key>
      <X>-2807.95117</X>
      <Y>-72.8104248</Y>
      <Z>9.461568</Z>
      <Heading>167.032623</Heading>
      <Threshold>2</Threshold>
      <Description>Gucci chair 3</Description>
    </Position>
    <Position Key="Poi_859331124" actions="sit,smoke,drink-whiskey">
      <Key>Poi_859331124</Key>
      <X>-2805.523</X>
      <Y>-73.91758</Y>
      <Z>9.461567</Z>
      <Heading>145.8696</Heading>
      <Threshold>2</Threshold>
      <Description>Gucci chair 6</Description>
    </Position>
    <Position Key="Poi_935625350" actions="bbq">
      <Key>Poi_935625350</Key>
      <X>-2838.162</X>
      <Y>-76.70452</Y>
      <Z>7.38159466</Z>
      <Heading>243.447281</Heading>
      <Threshold>2</Threshold>
      <Description>BBQ exterior</Description>
    </Position>
    <Position Key="Poi_815989256" actions="sleep">
      <Key>Poi_815989256</Key>
      <X>-2838.81274</X>
      <Y>-49.07213</Y>
      <Z>13.6856041</Z>
      <Heading>320.151367</Heading>
      <Threshold>2</Threshold>
      <Description>Bed corner room</Description>
    </Position>
    <Position Key="Poi_846761083" actions="sleep">
      <Key>Poi_846761083</Key>
      <X>-2814.62476</X>
      <Y>-62.8732567</Y>
      <Z>13.6576271</Z>
      <Heading>275.473053</Heading>
      <Threshold>2</Threshold>
      <Description>RRoom 1 bed left</Description>
    </Position>
    <Position Key="Poi_848874635" actions="sleep-right">
      <Key>Poi_848874635</Key>
      <X>-2811.84155</X>
      <Y>-64.44804</Y>
      <Z>13.6576176</Z>
      <Heading>23.8692074</Heading>
      <Threshold>2</Threshold>
      <Description>room 1 bed right</Description>
    </Position>
    <Position Key="Poi_864881635" actions="sit,smoke,drink-whiskey">
      <Key>Poi_864881635</Key>
      <X>-2815.5896</X>
      <Y>-67.0548</Y>
      <Z>13.6836433</Z>
      <Heading>155.604691</Heading>
      <Threshold>2</Threshold>
      <Description>Room 1 white couch</Description>
    </Position>
    <Position Key="Poi_831457391" actions="sit,smoke,drink-whiskey">
      <Key>Poi_831457391</Key>
      <X>-2821.69385</X>
      <Y>-57.7921638</Y>
      <Z>13.6715574</Z>
      <Heading>244.635315</Heading>
      <Threshold>2</Threshold>
      <Description>No description</Description>
    </Position>
    <Position Key="Poi_828643975" actions="sit,smoke,drink-whiskey">
      <Key>Poi_828643975</Key>
      <X>-2820.2854</X>
      <Y>-57.83093</Y>
      <Z>13.6760006</Z>
      <Heading>151.5345</Heading>
      <Threshold>2</Threshold>
      <Description>No description</Description>
    </Position>
    <Position Key="Poi_829188521" actions="sit,smoke,drink-whiskey">
      <Key>Poi_829188521</Key>
      <X>-2819.54126</X>
      <Y>-58.1886978</Y>
      <Z>13.6758451</Z>
      <Heading>165.0064</Heading>
      <Threshold>2</Threshold>
      <Description>No description</Description>
    </Position>
    <Position Key="Poi_832750151" actions="sit,smoke,drink-whiskey">
      <Key>Poi_832750151</Key>
      <X>-2818.76416</X>
      <Y>-59.05959</Y>
      <Z>13.6706572</Z>
      <Heading>73.18748</Heading>
      <Threshold>2</Threshold>
      <Description>No description</Description>
    </Position>
    <Position Key="Poi_847288543" actions="sit,smoke,drink-whiskey">
      <Key>Poi_847288543</Key>
      <X>-2804.289</X>
      <Y>-69.35026</Y>
      <Z>13.6576281</Z>
      <Heading>331.897278</Heading>
      <Threshold>2</Threshold>
      <Description>Toilet</Description>
    </Position>
    <Position Key="Poi_804198353" actions="sleep-right">
      <Key>Poi_804198353</Key>
      <X>-2835.23779</X>
      <Y>-48.40128</Y>
      <Z>13.685605</Z>
      <Heading>61.15234</Heading>
      <Threshold>2</Threshold>
      <Description>corner suit bed</Description>
    </Position>
    <Position Key="Poi_774202529" actions="sit,smoke,drink-whiskey">
      <Key>Poi_774202529</Key>
      <X>-2806.55078</X>
      <Y>-53.7170639</Y>
      <Z>13.7926178</Z>
      <Heading>331.654633</Heading>
      <Threshold>2</Threshold>
      <Description>No description</Description>
    </Position>
    <Position Key="Poi_773173881" actions="sit,smoke,drink-whiskey">
      <Key>Poi_773173881</Key>
      <X>-2804.032</X>
      <Y>-54.45165</Y>
      <Z>13.7926216</Z>
      <Heading>6.19930935</Heading>
      <Threshold>2</Threshold>
      <Description>No description</Description>
    </Position>
    <Position Key="Poi_774776148" actions="sit,smoke,drink-whiskey">
      <Key>Poi_774776148</Key>
      <X>-2805.41</X>
      <Y>-54.2222023</Y>
      <Z>13.7926168</Z>
      <Heading>338.97583</Heading>
      <Threshold>2</Threshold>
      <Description>No description</Description>
    </Position>
    <Position Key="Poi_772707355" actions="sit,smoke,drink-whiskey">
      <Key>Poi_772707355</Key>
      <X>-2807.579</X>
      <Y>-53.0995255</Y>
      <Z>13.7926273</Z>
      <Heading>298.70462</Heading>
      <Threshold>2</Threshold>
      <Description>No description</Description>
    </Position>
    <Position Key="Poi_789064084" actions="sit,smoke,drink-whiskey">
      <Key>Poi_789064084</Key>
      <X>-2804.8645</X>
      <Y>-56.769</Y>
      <Z>13.9016008</Z>
      <Heading>348.86438</Heading>
      <Threshold>2</Threshold>
      <Description>No description</Description>
    </Position>
    <Position Key="Poi_789143877" actions="sit,smoke,drink-whiskey">
      <Key>Poi_789143877</Key>
      <X>-2806.20923</X>
      <Y>-56.29899</Y>
      <Z>13.9015188</Z>
      <Heading>332.3782</Heading>
      <Threshold>2</Threshold>
      <Description>No description</Description>
    </Position>
    <Position Key="Poi_787699730" actions="sit,smoke,drink-whiskey">
      <Key>Poi_787699730</Key>
      <X>-2807.434</X>
      <Y>-55.6192856</Y>
      <Z>13.9015188</Z>
      <Heading>342.930756</Heading>
      <Threshold>2</Threshold>
      <Description>No description</Description>
    </Position>
    <Position Key="Poi_786664875" actions="sit,smoke,drink-whiskey">
      <Key>Poi_786664875</Key>
      <X>-2808.76</X>
      <Y>-54.97114</Y>
      <Z>13.9015255</Z>
      <Heading>346.467743</Heading>
      <Threshold>2</Threshold>
      <Description>No description</Description>
    </Position>
    <Position Key="Poi_900665798" actions="sit,smoke,drink-whiskey">
      <Key>Poi_900665798</Key>
      <X>-2834.224</X>
      <Y>-67.45236</Y>
      <Z>8.160604</Z>
      <Heading>172.056839</Heading>
      <Threshold>2</Threshold>
      <Description>No description</Description>
    </Position>
    <Position Key="Poi_900890220" actions="sit,smoke,drink-whiskey">
      <Key>Poi_900890220</Key>
      <X>-2833.48145</X>
      <Y>-68.06061</Y>
      <Z>8.160592</Z>
      <Heading>68.814415</Heading>
      <Threshold>2</Threshold>
      <Description>No description</Description>
    </Position>
    <Position Key="Poi_903796802" actions="sit,smoke,drink-whiskey">
      <Key>Poi_903796802</Key>
      <X>-2833.80664</X>
      <Y>-68.79102</Y>
      <Z>8.160595</Z>
      <Heading>71.24732</Heading>
      <Threshold>2</Threshold>
      <Description>No description</Description>
    </Position>
    <Position Key="Poi_912367936" actions="sit,smoke,drink-whiskey">
      <Key>Poi_912367936</Key>
      <X>-2834.7644</X>
      <Y>-70.9457855</Y>
      <Z>8.160595</Z>
      <Heading>71.1685</Heading>
      <Threshold>2</Threshold>
      <Description>No description</Description>
    </Position>
    <Position Key="Poi_914631711" actions="sit,smoke,drink-whiskey">
      <Key>Poi_914631711</Key>
      <X>-2835.065</X>
      <Y>-71.4807</Y>
      <Z>8.160595</Z>
      <Heading>70.28401</Heading>
      <Threshold>2</Threshold>
      <Description>No description</Description>
    </Position>
    <Position Key="Poi_916043038" actions="sit,smoke,drink-whiskey">
      <Key>Poi_916043038</Key>
      <X>-2835.947</X>
      <Y>-71.31486</Y>
      <Z>8.160596</Z>
      <Heading>336.659454</Heading>
      <Threshold>2</Threshold>
      <Description>No description</Description>
    </Position>
    <Position Key="Poi_917824572" actions="sit,smoke,drink-whiskey">
      <Key>Poi_917824572</Key>
      <X>-2838.11279</X>
      <Y>-70.34917</Y>
      <Z>8.160596</Z>
      <Heading>333.0199</Heading>
      <Threshold>2</Threshold>
      <Description>No description</Description>
    </Position>
    <Position Key="Poi_917812867" actions="sit,smoke,drink-whiskey">
      <Key>Poi_917812867</Key>
      <X>-2840.85156</X>
      <Y>-68.37679</Y>
      <Z>8.160598</Z>
      <Heading>295.9227</Heading>
      <Threshold>2</Threshold>
      <Description>No description</Description>
    </Position>
    <Position Key="Poi_910659107" actions="sit,smoke,drink-whiskey">
      <Key>Poi_910659107</Key>
      <X>-2840.10059</X>
      <Y>-66.5435638</Y>
      <Z>8.160597</Z>
      <Heading>206.338867</Heading>
      <Threshold>2</Threshold>
      <Description>No description</Description>
    </Position>
    <Position Key="Poi_926653233" actions="sit,smoke,drink-whiskey">
      <Key>Poi_926653233</Key>
      <X>-2848.484</X>
      <Y>-65.5247345</Y>
      <Z>9.019613</Z>
      <Heading>66.08042</Heading>
      <Threshold>2</Threshold>
      <Description>No description</Description>
    </Position>
    <Position Key="Poi_933795169" actions="sit,smoke,drink-whiskey">
      <Key>Poi_933795169</Key>
      <X>-2849.48218</X>
      <Y>-67.1762848</Y>
      <Z>9.019612</Z>
      <Heading>71.5159</Heading>
      <Threshold>2</Threshold>
      <Description>No description</Description>
    </Position>
    <Position Key="Poi_935812404" actions="sit,smoke,drink-whiskey">
      <Key>Poi_935812404</Key>
      <X>-2850.017</X>
      <Y>-67.45655</Y>
      <Z>9.032288</Z>
      <Heading>337.633</Heading>
      <Threshold>2</Threshold>
      <Description>No description</Description>
    </Position>
    <Position Key="Poi_937207020" actions="sit,smoke,drink-whiskey">
      <Key>Poi_937207020</Key>
      <X>-2851.46387</X>
      <Y>-66.8824539</Y>
      <Z>9.023195</Z>
      <Heading>334.647919</Heading>
      <Threshold>2</Threshold>
      <Description>No description</Description>
    </Position>
    <Position Key="Poi_935408276" actions="sit,smoke,drink-whiskey">
      <Key>Poi_935408276</Key>
      <X>-2851.77124</X>
      <Y>-66.06611</Y>
      <Z>9.019614</Z>
      <Heading>246.920471</Heading>
      <Threshold>2</Threshold>
      <Description>No description</Description>
    </Position>
    <Position Key="Poi_929200110" actions="sit,smoke,drink-whiskey">
      <Key>Poi_929200110</Key>
      <X>-2851.13184</X>
      <Y>-64.4625854</Y>
      <Z>9.030444</Z>
      <Heading>252.134766</Heading>
      <Threshold>2</Threshold>
      <Description>No description</Description>
    </Position>
    <Position Key="Poi_833681999" actions="sit,smoke,drink-whiskey">
      <Key>Poi_833681999</Key>
      <X>-2853.34</X>
      <Y>-47.66092</Y>
      <Z>8.653777</Z>
      <Heading>348.75705</Heading>
      <Threshold>2</Threshold>
      <Description>No description</Description>
    </Position>
    <Position Key="Poi_834506612" actions="sit,smoke,drink-whiskey">
      <Key>Poi_834506612</Key>
      <X>-2852.669</X>
      <Y>-48.03935</Y>
      <Z>8.651073</Z>
      <Heading>343.7211</Heading>
      <Threshold>2</Threshold>
      <Description>No description</Description>
    </Position>
    <Position Key="Poi_835347011" actions="sit,smoke,drink-whiskey">
      <Key>Poi_835347011</Key>
      <X>-2850.10059</X>
      <Y>-49.10127</Y>
      <Z>8.653773</Z>
      <Heading>324.1717</Heading>
      <Threshold>2</Threshold>
      <Description>No description</Description>
    </Position>
    <Position Key="Poi_835209213" actions="sit,smoke,drink-whiskey">
      <Key>Poi_835209213</Key>
      <X>-2850.88672</X>
      <Y>-48.7959</Y>
      <Z>8.653769</Z>
      <Heading>338.106</Heading>
      <Threshold>2</Threshold>
      <Description>No description</Description>
    </Position>
    <Position Key="Poi_830038129" actions="sit,smoke,drink-whiskey">
      <Key>Poi_830038129</Key>
      <X>-2848.98413</X>
      <Y>-48.6219826</Y>
      <Z>8.653774</Z>
      <Heading>55.2504234</Heading>
      <Threshold>2</Threshold>
      <Description>No description</Description>
    </Position>
    <Position Key="Poi_814198880" actions="sit,smoke,drink-whiskey">
      <Key>Poi_814198880</Key>
      <X>-2848.06079</X>
      <Y>-46.326767</Y>
      <Z>8.653774</Z>
      <Heading>73.17407</Heading>
      <Threshold>2</Threshold>
      <Description>No description</Description>
    </Position>
    <Position Key="Poi_772376307" actions="sit,smoke,drink-whiskey">
      <Key>Poi_772376307</Key>
      <X>-2842.27783</X>
      <Y>-41.2901764</Y>
      <Z>9.678999</Z>
      <Heading>200.419449</Heading>
      <Threshold>2</Threshold>
      <Description>No description</Description>
    </Position>
    <Position Key="Poi_768131077" actions="sit,smoke,drink-whiskey">
      <Key>Poi_768131077</Key>
      <X>-2841.27979</X>
      <Y>-40.9447479</Y>
      <Z>9.679016</Z>
      <Heading>195.728714</Heading>
      <Threshold>2</Threshold>
      <Description>No description</Description>
    </Position>
    <Position Key="Poi_764253756" actions="sit,smoke,drink-whiskey">
      <Key>Poi_764253756</Key>
      <X>-2840.30054</X>
      <Y>-40.6535835</Y>
      <Z>9.679034</Z>
      <Heading>205.07486</Heading>
      <Threshold>2</Threshold>
      <Description>No description</Description>
    </Position>
    <Position Key="Poi_747053725" actions="sit,smoke,drink-whiskey">
      <Key>Poi_747053725</Key>
      <X>-2834.253</X>
      <Y>-39.97418</Y>
      <Z>9.6792</Z>
      <Heading>153.6393</Heading>
      <Threshold>2</Threshold>
      <Description>No description</Description>
    </Position>
    <Position Key="Poi_747486788" actions="sit,smoke,drink-whiskey">
      <Key>Poi_747486788</Key>
      <X>-2833.23584</X>
      <Y>-40.4115219</Y>
      <Z>9.679196</Z>
      <Heading>149.68042</Heading>
      <Threshold>2</Threshold>
      <Description>No description</Description>
    </Position>
    <Position Key="Poi_747836751" actions="sit,smoke,drink-whiskey">
      <Key>Poi_747836751</Key>
      <X>-2832.32617</X>
      <Y>-40.79648</Y>
      <Z>9.679192</Z>
      <Heading>162.427933</Heading>
      <Threshold>2</Threshold>
      <Description>No description</Description>
    </Position>
    <Position Key="Poi_820644856" actions="sit,smoke,drink-whiskey">
      <Key>Poi_820644856</Key>
      <X>-2838.09546</X>
      <Y>-50.8307037</Y>
      <Z>9.495924</Z>
      <Heading>122.884605</Heading>
      <Threshold>2</Threshold>
      <Description>No description</Description>
    </Position>
    <Position Key="Poi_820824953" actions="sit,smoke,drink-whiskey">
      <Key>Poi_820824953</Key>
      <X>-2836.75366</X>
      <Y>-51.3435974</Y>
      <Z>9.491237</Z>
      <Heading>116.208366</Heading>
      <Threshold>2</Threshold>
      <Description>No description</Description>
    </Position>
    <Position Key="Poi_834259430" actions="sit,smoke,drink-whiskey">
      <Key>Poi_834259430</Key>
      <X>-2836.02051</X>
      <Y>-53.8344536</Y>
      <Z>9.495924</Z>
      <Heading>114.876328</Heading>
      <Threshold>2</Threshold>
      <Description>No description</Description>
    </Position>
    <Position Key="Poi_868537227" actions="sit,smoke,drink-whiskey">
      <Key>Poi_868537227</Key>
      <X>-2815.63818</X>
      <Y>-68.23249</Y>
      <Z>13.6836386</Z>
      <Heading>163.4789</Heading>
      <Threshold>2</Threshold>
      <Description>No description</Description>
    </Position>
    <Position Key="Poi_867390104" actions="sit,smoke,drink-whiskey">
      <Key>Poi_867390104</Key>
      <X>-2814.83032</X>
      <Y>-68.4326248</Y>
      <Z>13.6836405</Z>
      <Heading>154.781982</Heading>
      <Threshold>2</Threshold>
      <Description>No description</Description>
    </Position>
  </PointOfInterest>
  <closets>
    <Position Key="Closet_845585003">
      <Key>Closet_845585003</Key>
      <X>-2806.36353</X>
      <Y>-67.29415</Y>
      <Z>13.657629</Z>
      <Heading>321.99292</Heading>
      <Threshold>2</Threshold>
      <Description>Closet 1</Description>
    </Position>
    <Position Key="Closet_844081675">
      <Key>Closet_844081675</Key>
      <X>-2834.56226</X>
      <Y>-55.2589569</Y>
      <Z>13.6855936</Z>
      <Heading>161.0199</Heading>
      <Threshold>2</Threshold>
      <Description>No description</Description>
    </Position>
  </closets>
  <Showers>
    <Position Key="Shower" offset="1,4">
      <Key>Shower</Key>
      <X>-2831.744</X>
      <Y>-48.5698853</Y>
      <Z>13.67677</Z>
      <Heading>241.197723</Heading>
      <Threshold>2</Threshold>
      <Description>Shower room 1</Description>
    </Position>
  </Showers>
  <Tvs>
    <Position Key="tv_245335514" renderer="tvscreen" model="-240931727" modelName="vw_prop_vw_cinema_tv_01">
      <Key>tv_245335514</Key>
      <X>-3211.638</X>
      <Y>773.5625</Y>
      <Z>15.2251873</Z>
      <Heading>212.508911</Heading>
      <Threshold>4</Threshold>
      <Description>Tv model vw_prop_vw_cinema_tv_01</Description>
    </Position>
    <Position Key="tv_753239806" renderer="tvscreen" model="-240931727" modelName="vw_prop_vw_cinema_tv_01">
      <Key>tv_753239806</Key>
      <X>-2804.50049</X>
      <Y>-50.8396339</Y>
      <Z>14.5829678</Z>
      <Heading>336.113129</Heading>
      <Threshold>4</Threshold>
      <Description>Tv model vw_prop_vw_cinema_tv_01</Description>
    </Position>
    <Position Key="tv_860007744" renderer="tvscreen" model="-240931727" modelName="vw_prop_vw_cinema_tv_01">
      <Key>tv_860007744</Key>
      <X>-2814.19067</X>
      <Y>-66.1329346</Y>
      <Z>14.5766563</Z>
      <Heading>156.113113</Heading>
      <Threshold>4</Threshold>
      <Description>Tv model vw_prop_vw_cinema_tv_01</Description>
    </Position>
    <Position Key="tv_833054782" renderer="tvscreen" model="-240931727" modelName="vw_prop_vw_cinema_tv_01">
      <Key>tv_833054782</Key>
      <X>-2808.064</X>
      <Y>-64.83453</Y>
      <Z>6.6327405</Z>
      <Heading>66.11309</Heading>
      <Threshold>4</Threshold>
      <Description>Tv model vw_prop_vw_cinema_tv_01</Description>
    </Position>
    <Position Key="tv_807659112" renderer="tvscreen" model="-240931727" modelName="vw_prop_vw_cinema_tv_01">
      <Key>tv_807659112</Key>
      <X>-2833.895</X>
      <Y>-49.2933</Y>
      <Z>14.6316357</Z>
      <Heading>246.113159</Heading>
      <Threshold>4</Threshold>
      <Description>Tv model vw_prop_vw_cinema_tv_01</Description>
    </Position>
    <Position Key="tv_832435370" renderer="tvscreen" model="-240931727" modelName="vw_prop_vw_cinema_tv_01">
      <Key>tv_832435370</Key>
      <X>-2817.85278</X>
      <Y>-59.9213</Y>
      <Z>10.2989035</Z>
      <Heading>246.113159</Heading>
      <Threshold>4</Threshold>
      <Description>Tv model vw_prop_vw_cinema_tv_01</Description>
    </Position>
    <Position Key="tv_267487127" renderer="tvscreen" model="-698352776" modelName="prop_tv_flat_03b">
      <Key>tv_267487127</Key>
      <X>-3217.555</X>
      <Y>813.555359</Y>
      <Z>9.751268</Z>
      <Heading>212.5089</Heading>
      <Threshold>4</Threshold>
      <Description>Tv model prop_tv_flat_03b</Description>
    </Position>
    <Position Key="tv_233252648" renderer="tvscreen" model="-698352776" modelName="prop_tv_flat_03b">
      <Key>tv_233252648</Key>
      <X>-3208.10547</X>
      <Y>778.0551</Y>
      <Z>9.387054</Z>
      <Heading>122.5089</Heading>
      <Threshold>4</Threshold>
      <Description>Tv model prop_tv_flat_03b</Description>
    </Position>
    <Position Key="tv_239240489" renderer="tvscreen" model="-698352776" modelName="prop_tv_flat_03b">
      <Key>tv_239240489</Key>
      <X>-3208.571</X>
      <Y>776.724</Y>
      <Z>14.6138048</Z>
      <Heading>122.5089</Heading>
      <Threshold>4</Threshold>
      <Description>Tv model prop_tv_flat_03b</Description>
    </Position>
    <Position Key="tv_242401860" renderer="tvscreen" model="-698352776" modelName="prop_tv_flat_03b">
      <Key>tv_242401860</Key>
      <X>-3209.46851</X>
      <Y>793.513855</Y>
      <Z>9.74035</Z>
      <Heading>122.5089</Heading>
      <Threshold>4</Threshold>
      <Description>Tv model prop_tv_flat_03b</Description>
    </Position>
    <Position Key="tv_220995879" renderer="tvscreen" model="-698352776" modelName="prop_tv_flat_03b">
      <Key>tv_220995879</Key>
      <X>-3199.40942</X>
      <Y>781.5932</Y>
      <Z>14.3961506</Z>
      <Heading>212.508911</Heading>
      <Threshold>4</Threshold>
      <Description>Tv model prop_tv_flat_03b</Description>
    </Position>
    <Position Key="tv_240110485" renderer="tvscreen" model="-698352776" modelName="prop_tv_flat_03b">
      <Key>tv_240110485</Key>
      <X>-3208.6377</X>
      <Y>792.2104</Y>
      <Z>9.74035</Z>
      <Heading>122.5089</Heading>
      <Threshold>4</Threshold>
      <Description>Tv model prop_tv_flat_03b</Description>
    </Position>
    <Position Key="tv_282508149" renderer="tvscreen" model="-698352776" modelName="prop_tv_flat_03b">
      <Key>tv_282508149</Key>
      <X>-3226.42651</X>
      <Y>803.198242</Y>
      <Z>9.466228</Z>
      <Heading>32.5089455</Heading>
      <Threshold>4</Threshold>
      <Description>Tv model prop_tv_flat_03b</Description>
    </Position>
    <Position Key="tv_306126563" renderer="tvscreen" model="-698352776" modelName="prop_tv_flat_03b">
      <Key>tv_306126563</Key>
      <X>-3236.84985</X>
      <Y>806.1604</Y>
      <Z>9.387122</Z>
      <Heading>212.5089</Heading>
      <Threshold>4</Threshold>
      <Description>Tv model prop_tv_flat_03b</Description>
    </Position>
    <Position Key="tv_-1242730890" renderer="tvscreen" model="1194029334" modelName="prop_tv_flat_michael">
      <Key>tv_-1242730890</Key>
      <X>-652.776855</X>
      <Y>945.3438</Y>
      <Z>244.809326</Z>
      <Heading>85.00002</Heading>
      <Threshold>4</Threshold>
      <Description>Tv model prop_tv_flat_michael</Description>
    </Position>
    <Position Key="tv_308371813" renderer="prop_ex_computer_screen" model="743064848" modelName="ex_prop_monitor_01_ex">
      <Key>tv_308371813</Key>
      <X>-3234.54077</X>
      <Y>812.932556</Y>
      <Z>13.8661175</Z>
      <Heading>97.5089</Heading>
      <Threshold>4</Threshold>
      <Description>Tv model ex_prop_monitor_01_ex</Description>
    </Position>
    <Position Key="tv_312537029" renderer="ex_tvscreen" model="608950395" modelName="ex_prop_ex_tv_flat_01">
      <Key>tv_312537029</Key>
      <X>-3234.408</X>
      <Y>821.0096</Y>
      <Z>15.21014</Z>
      <Heading>211.9963</Heading>
      <Threshold>4</Threshold>
      <Description>Tv model ex_prop_ex_tv_flat_01</Description>
    </Position>
    <Position Key="tv_264156211" renderer="ex_tvscreen" model="608950395" modelName="ex_prop_ex_tv_flat_01">
      <Key>tv_264156211</Key>
      <X>-3217.072</X>
      <Y>805.5269</Y>
      <Z>10.4577694</Z>
      <Heading>32.5089455</Heading>
      <Threshold>4</Threshold>
      <Description>Tv model ex_prop_ex_tv_flat_01</Description>
    </Position>
    <Position Key="tv_274584078" renderer="ex_tvscreen" model="608950395" modelName="ex_prop_ex_tv_flat_01">
      <Key>tv_274584078</Key>
      <X>-3218.66162</X>
      <Y>813.3897</Y>
      <Z>14.2921085</Z>
      <Heading>302.5089</Heading>
      <Threshold>4</Threshold>
      <Description>Tv model ex_prop_ex_tv_flat_01</Description>
    </Position>
    <Position Key="tv_313472250" renderer="ex_tvscreen" model="608950395" modelName="ex_prop_ex_tv_flat_01">
      <Key>tv_313472250</Key>
      <X>-3235.436</X>
      <Y>818.027954</Y>
      <Z>15.0491362</Z>
      <Heading>302.5089</Heading>
      <Threshold>4</Threshold>
      <Description>Tv model ex_prop_ex_tv_flat_01</Description>
    </Position>
    <Position Key="tv_249168262" renderer="ex_tvscreen" model="608950395" modelName="ex_prop_ex_tv_flat_01">
      <Key>tv_249168262</Key>
      <X>-3203.40967</X>
      <Y>846.8744</Y>
      <Z>9.536872</Z>
      <Heading>345.722137</Heading>
      <Threshold>4</Threshold>
      <Description>Tv model ex_prop_ex_tv_flat_01</Description>
    </Position>
    <Position Key="tv_293540279" renderer="prop_x17_tv_ceil_scn_01" model="1503218008" modelName="xm_prop_x17_tv_ceiling_01">
      <Key>tv_293540279</Key>
      <X>-3227.907</X>
      <Y>804.837158</Y>
      <Z>16.6781025</Z>
      <Heading>302.5089</Heading>
      <Threshold>4</Threshold>
      <Description>Tv model xm_prop_x17_tv_ceiling_01</Description>
    </Position>
  </Tvs>
</Root>