﻿<?xml version="1.0" encoding="utf-8"?>
<Root>
  <Security>
    <Position Key="Security_-1222252177">
      <Key>Security_-1222252177</Key>
      <X>-2303.26416</X>
      <Y>4328.019</Y>
      <Z>33.08019</Z>
      <Heading>235.079163</Heading>
      <Threshold>2</Threshold>
      <Description>No description</Description>
    </Position>
    <Position Key="Security_-1241267131">
      <Key>Security_-1241267131</Key>
      <X>-2295.082</X>
      <Y>4339.21729</Y>
      <Z>29.08106</Z>
      <Heading>142.864944</Heading>
      <Threshold>2</Threshold>
      <Description>No description</Description>
    </Position>
    <Position Key="Security_-1177306348">
      <Key>Security_-1177306348</Key>
      <X>-2323.91724</X>
      <Y>4332.16064</Y>
      <Z>33.080143</Z>
      <Heading>67.07206</Heading>
      <Threshold>2</Threshold>
      <Description>No description</Description>
    </Position>
  </Security>
  <Tvs>
    <Position Key="tv_-1221954831" renderer="tvscreen" model="1036195894" modelName="prop_tv_flat_01">
      <Key>tv_-1221954831</Key>
      <X>-2302.68</X>
      <Y>4357.2</Y>
      <Z>33.8</Z>
      <Heading>49.9999924</Heading>
      <Threshold>4</Threshold>
      <Description>Tv model prop_tv_flat_01</Description>
    </Position>
    <Position Key="tv_-1226325119" renderer="tvscreen" model="1036195894" modelName="prop_tv_flat_01">
      <Key>tv_-1226325119</Key>
      <X>-2300.48</X>
      <Y>4346.14</Y>
      <Z>37.3</Z>
      <Heading>139.999985</Heading>
      <Threshold>4</Threshold>
      <Description>Tv model prop_tv_flat_01</Description>
    </Position>
    <Position Key="tv_-1218977512" renderer="tvscreen" model="1036195894" modelName="prop_tv_flat_01">
      <Key>tv_-1218977512</Key>
      <X>-2304.06</X>
      <Y>4337.12</Y>
      <Z>37.3580971</Z>
      <Heading>139.999985</Heading>
      <Threshold>4</Threshold>
      <Description>Tv model prop_tv_flat_01</Description>
    </Position>
    <Position Key="tv_-1224775961" renderer="tvscreen" model="1036195894" modelName="prop_tv_flat_01">
      <Key>tv_-1224775961</Key>
      <X>-2302.2</X>
      <Y>4349.44</Y>
      <Z>30.2</Z>
      <Heading>49.9999924</Heading>
      <Threshold>4</Threshold>
      <Description>Tv model prop_tv_flat_01</Description>
    </Position>
    <Position Key="tv_-1226648590" renderer="tvscreen" model="1036195894" modelName="prop_tv_flat_01">
      <Key>tv_-1226648590</Key>
      <X>-2300.94</X>
      <Y>4336.48</Y>
      <Z>34</Z>
      <Heading>230</Heading>
      <Threshold>4</Threshold>
      <Description>Tv model prop_tv_flat_01</Description>
    </Position>
    <Position Key="tv_-1257142836" renderer="tvscreen" model="-698352776" modelName="prop_tv_flat_03b">
      <Key>tv_-1257142836</Key>
      <X>-2286.28</X>
      <Y>4343.42</Y>
      <Z>37.6</Z>
      <Heading>320</Heading>
      <Threshold>4</Threshold>
      <Description>Tv model prop_tv_flat_03b</Description>
    </Position>
    <Position Key="tv_-1209542863" renderer="tvscreen" model="-698352776" modelName="prop_tv_flat_03b">
      <Key>tv_-1209542863</Key>
      <X>-2308.6</X>
      <Y>4325</Y>
      <Z>38</Z>
      <Heading>139.999985</Heading>
      <Threshold>4</Threshold>
      <Description>Tv model prop_tv_flat_03b</Description>
    </Position>
    <Position Key="tv_312537029" renderer="ex_tvscreen" model="608950395" modelName="ex_prop_ex_tv_flat_01">
      <Key>tv_312537029</Key>
      <X>-3234.408</X>
      <Y>821.0096</Y>
      <Z>15.21014</Z>
      <Heading>211.9963</Heading>
      <Threshold>4</Threshold>
      <Description>Tv model ex_prop_ex_tv_flat_01</Description>
    </Position>
    <Position Key="tv_-1216480465" renderer="prop_x17_tv_ceil_scn_01" model="1503218008" modelName="xm_prop_x17_tv_ceiling_01">
      <Key>tv_-1216480465</Key>
      <X>-2305.14</X>
      <Y>4330.32</Y>
      <Z>39.18</Z>
      <Heading>230</Heading>
      <Threshold>4</Threshold>
      <Description>Tv model xm_prop_x17_tv_ceiling_01</Description>
    </Position>
  </Tvs>
  <Showers>
    <Position Key="shower_-1224647040" offset="1.549999">
      <Key>shower_-1224647040</Key>
      <X>-2302.04053</X>
      <Y>4333.454</Y>
      <Z>33.08199</Z>
      <Heading>47.5015526</Heading>
      <Threshold>2</Threshold>
      <Description>No description</Description>
    </Position>
    <Position Key="shower_-1212678029" offset="1.1">
      <Key>shower_-1212678029</Key>
      <X>-2307.197</X>
      <Y>4326.70361</Y>
      <Z>37.3314743</Z>
      <Heading>310.9511</Heading>
      <Threshold>2</Threshold>
      <Description>No description</Description>
    </Position>
    <Position Key="shower_-1202946162" offset="1.05">
      <Key>shower_-1202946162</Key>
      <X>-2311.679</X>
      <Y>4328.52832</Y>
      <Z>37.08174</Z>
      <Heading>226.081665</Heading>
      <Threshold>2</Threshold>
      <Description>No description</Description>
    </Position>
    <Position Key="shower_-1258177123" offset="1.05">
      <Key>shower_-1258177123</Key>
      <X>-2285.85352</X>
      <Y>4343.97</Y>
      <Z>37.081028</Z>
      <Heading>136.28157</Heading>
      <Threshold>2</Threshold>
      <Description>No description</Description>
    </Position>
  </Showers>
  <PointOfInterest>
    <Position Key="Poi_-1213535491" actions="sleep">
      <Key>Poi_-1213535491</Key>
      <X>-2306.7605</X>
      <Y>4329.974</Y>
      <Z>37.080986</Z>
      <Heading>352.844574</Heading>
      <Threshold>2</Threshold>
      <Description>No description</Description>
    </Position>
    <Position Key="Poi_-1217262918" actions="sleep-right">
      <Key>Poi_-1217262918</Key>
      <X>-2304.99658</X>
      <Y>4331.98242</Y>
      <Z>37.0809822</Z>
      <Heading>99.82978</Heading>
      <Threshold>2</Threshold>
      <Description>No description</Description>
    </Position>
    <Position Key="Poi_-1243696809" actions="sleep-right">
      <Key>Poi_-1243696809</Key>
      <X>-2292.47534</X>
      <Y>4346.672</Y>
      <Z>37.1000557</Z>
      <Heading>94.63386</Heading>
      <Threshold>2</Threshold>
      <Description>No description</Description>
    </Position>
    <Position Key="Poi_-1239512259" actions="sleep">
      <Key>Poi_-1239512259</Key>
      <X>-2294.45825</X>
      <Y>4344.29443</Y>
      <Z>37.10005</Z>
      <Heading>5.306069</Heading>
      <Threshold>2</Threshold>
      <Description>No description</Description>
    </Position>
    <Position Key="Poi_-1216972553" actions="jogging">
      <Key>Poi_-1216972553</Key>
      <X>-2304.9248</X>
      <Y>4340.593</Y>
      <Z>37.23475</Z>
      <Heading>61.408535</Heading>
      <Threshold>2</Threshold>
      <Description>No description</Description>
    </Position>
    <Position Key="Poi_-1220013799" actions="jogging">
      <Key>Poi_-1220013799</Key>
      <X>-2303.48267</X>
      <Y>4342.363</Y>
      <Z>37.2354431</Z>
      <Heading>54.11791</Heading>
      <Threshold>2</Threshold>
      <Description>No description</Description>
    </Position>
    <Position Key="Poi_-1207131730" actions="sit,smoke,drink-whiskey">
      <Key>Poi_-1207131730</Key>
      <X>-2309.59</X>
      <Y>4335.762</Y>
      <Z>37.08102</Z>
      <Heading>232.7155</Heading>
      <Threshold>2</Threshold>
      <Description>No description</Description>
    </Position>
    <Position Key="Poi_-1195900669" actions="sit,smoke,drink-whiskey">
      <Key>Poi_-1195900669</Key>
      <X>-2314.82227</X>
      <Y>4333.513</Y>
      <Z>37.08102</Z>
      <Heading>59.7539</Heading>
      <Threshold>2</Threshold>
      <Description>No description</Description>
    </Position>
    <Position Key="Poi_-1198414432" actions="sit,smoke,drink-whiskey">
      <Key>Poi_-1198414432</Key>
      <X>-2313.72437</X>
      <Y>4330.58154</Y>
      <Z>37.0933876</Z>
      <Heading>320.04892</Heading>
      <Threshold>2</Threshold>
      <Description>No description</Description>
    </Position>
    <Position Key="Poi_-1219062438" actions="sit,smoke,drink-whiskey">
      <Key>Poi_-1219062438</Key>
      <X>-2304.19751</X>
      <Y>4330.53662</Y>
      <Z>37.0809822</Z>
      <Heading>48.06039</Heading>
      <Threshold>2</Threshold>
      <Description>No description</Description>
    </Position>
    <Position Key="Poi_-1217018934" actions="sit,smoke,drink-whiskey">
      <Key>Poi_-1217018934</Key>
      <X>-2305.16455</X>
      <Y>4329.43555</Y>
      <Z>37.0809822</Z>
      <Heading>40.13704</Heading>
      <Threshold>2</Threshold>
      <Description>No description</Description>
    </Position>
    <Position Key="Poi_-1231046961" actions="sit,smoke,drink-whiskey">
      <Key>Poi_-1231046961</Key>
      <X>-2298.65332</X>
      <Y>4331.09229</Y>
      <Z>37.09</Z>
      <Heading>325.560852</Heading>
      <Threshold>2</Threshold>
      <Description>No description</Description>
    </Position>
    <Position Key="Poi_-1232874565" actions="sit,smoke,drink-whiskey">
      <Key>Poi_-1232874565</Key>
      <X>-2297.813</X>
      <Y>4330.948</Y>
      <Z>37.0899963</Z>
      <Heading>5.67568064</Heading>
      <Threshold>2</Threshold>
      <Description>No description</Description>
    </Position>
    <Position Key="Poi_-1234710473" actions="sit,smoke,drink-whiskey">
      <Key>Poi_-1234710473</Key>
      <X>-2296.95</X>
      <Y>4331.67139</Y>
      <Z>37.0901642</Z>
      <Heading>51.99535</Heading>
      <Threshold>2</Threshold>
      <Description>No description</Description>
    </Position>
    <Position Key="Poi_-1228015004" actions="sit,smoke,drink-whiskey">
      <Key>Poi_-1228015004</Key>
      <X>-2299.68042</X>
      <Y>4348.263</Y>
      <Z>37.0809822</Z>
      <Heading>144.434433</Heading>
      <Threshold>2</Threshold>
      <Description>No description</Description>
    </Position>
    <Position Key="Poi_-1229299646" actions="sit,smoke,drink-whiskey">
      <Key>Poi_-1229299646</Key>
      <X>-2299.09814</X>
      <Y>4347.77539</Y>
      <Z>37.0809822</Z>
      <Heading>133.242844</Heading>
      <Threshold>2</Threshold>
      <Description>No description</Description>
    </Position>
    <Position Key="Poi_-1230569798" actions="sit,smoke,drink-whiskey">
      <Key>Poi_-1230569798</Key>
      <X>-2298.52246</X>
      <Y>4347.292</Y>
      <Z>37.0809822</Z>
      <Heading>125.277916</Heading>
      <Threshold>2</Threshold>
      <Description>No description</Description>
    </Position>
    <Position Key="Poi_-1217528675" actions="sit,smoke,drink-whiskey">
      <Key>Poi_-1217528675</Key>
      <X>-2305.25659</X>
      <Y>4336.46338</Y>
      <Z>33.1128845</Z>
      <Heading>328.148254</Heading>
      <Threshold>2</Threshold>
      <Description>No description</Description>
    </Position>
    <Position Key="Poi_-1215456318" actions="sit,smoke,drink-whiskey">
      <Key>Poi_-1215456318</Key>
      <X>-2306.19238</X>
      <Y>4337.234</Y>
      <Z>33.14495</Z>
      <Heading>316.375244</Heading>
      <Threshold>2</Threshold>
      <Description>No description</Description>
    </Position>
    <Position Key="Poi_-1213977909" actions="sit,smoke,drink-whiskey">
      <Key>Poi_-1213977909</Key>
      <X>-2306.86279</X>
      <Y>4337.90869</Y>
      <Z>33.12202</Z>
      <Heading>302.490479</Heading>
      <Threshold>2</Threshold>
      <Description>No description</Description>
    </Position>
    <Position Key="Poi_-1215136185" actions="sit,smoke,drink-whiskey">
      <Key>Poi_-1215136185</Key>
      <X>-2306.32031</X>
      <Y>4338.341</Y>
      <Z>33.10984</Z>
      <Heading>244.747528</Heading>
      <Threshold>2</Threshold>
      <Description>No description</Description>
    </Position>
    <Position Key="Poi_-1216660944" actions="sit,smoke,drink-whiskey">
      <Key>Poi_-1216660944</Key>
      <X>-2305.593</X>
      <Y>4339.417</Y>
      <Z>33.11152</Z>
      <Heading>227.693558</Heading>
      <Threshold>2</Threshold>
      <Description>No description</Description>
    </Position>
    <Position Key="Poi_-1219271310" actions="sit,smoke,drink-whiskey">
      <Key>Poi_-1219271310</Key>
      <X>-2304.35864</X>
      <Y>4340.79053</Y>
      <Z>33.1098366</Z>
      <Heading>226.225067</Heading>
      <Threshold>2</Threshold>
      <Description>No description</Description>
    </Position>
    <Position Key="Poi_-1220647050" actions="sit,smoke,drink-whiskey">
      <Key>Poi_-1220647050</Key>
      <X>-2303.7</X>
      <Y>4341.68457</Y>
      <Z>33.1456528</Z>
      <Heading>224.343735</Heading>
      <Threshold>2</Threshold>
      <Description>No description</Description>
    </Position>
    <Position Key="Poi_-1222002579" actions="sit,smoke,drink-whiskey">
      <Key>Poi_-1222002579</Key>
      <X>-2303.06543</X>
      <Y>4342.29443</Y>
      <Z>33.10985</Z>
      <Heading>202.856155</Heading>
      <Threshold>2</Threshold>
      <Description>No description</Description>
    </Position>
    <Position Key="Poi_-1222971385" actions="sit,smoke,drink-whiskey">
      <Key>Poi_-1222971385</Key>
      <X>-2302.629</X>
      <Y>4341.807</Y>
      <Z>33.10985</Z>
      <Heading>134.04686</Heading>
      <Threshold>2</Threshold>
      <Description>No description</Description>
    </Position>
    <Position Key="Poi_-1225072041" actions="sit,smoke,drink-whiskey">
      <Key>Poi_-1225072041</Key>
      <X>-2301.669</X>
      <Y>4341.17773</Y>
      <Z>33.1442566</Z>
      <Heading>135.289352</Heading>
      <Threshold>2</Threshold>
      <Description>No description</Description>
    </Position>
    <Position Key="Poi_-1214047967" actions="sit,smoke,drink-whiskey">
      <Key>Poi_-1214047967</Key>
      <X>-2307.052</X>
      <Y>4327.947</Y>
      <Z>33.08087</Z>
      <Heading>53.0688477</Heading>
      <Threshold>2</Threshold>
      <Description>No description</Description>
    </Position>
    <Position Key="Poi_-1212480495" actions="sit,smoke,drink-whiskey">
      <Key>Poi_-1212480495</Key>
      <X>-2307.79175</X>
      <Y>4327.19531</Y>
      <Z>33.0808678</Z>
      <Heading>41.98845</Heading>
      <Threshold>2</Threshold>
      <Description>No description</Description>
    </Position>
    <Position Key="Poi_-1211571236" actions="sit,smoke,drink-whiskey">
      <Key>Poi_-1211571236</Key>
      <X>-2308.224</X>
      <Y>4326.60938</Y>
      <Z>33.0808678</Z>
      <Heading>51.6176</Heading>
      <Threshold>2</Threshold>
      <Description>No description</Description>
    </Position>
    <Position Key="Poi_-1196290443" actions="sit,smoke,drink-whiskey">
      <Key>Poi_-1196290443</Key>
      <X>-2315.29224</X>
      <Y>4325.88525</Y>
      <Z>33.0801926</Z>
      <Heading>145.373764</Heading>
      <Threshold>2</Threshold>
      <Description>No description</Description>
    </Position>
    <Position Key="Poi_-1200831126" actions="sit,smoke,drink-whiskey">
      <Key>Poi_-1200831126</Key>
      <X>-2313.235</X>
      <Y>4324.116</Y>
      <Z>33.0801926</Z>
      <Heading>134.689926</Heading>
      <Threshold>2</Threshold>
      <Description>No description</Description>
    </Position>
    <Position Key="Poi_-1207314136" actions="sit,smoke,drink-whiskey">
      <Key>Poi_-1207314136</Key>
      <X>-2310.31714</X>
      <Y>4319.852</Y>
      <Z>33.2345238</Z>
      <Heading>94.99319</Heading>
      <Threshold>2</Threshold>
      <Description>No description</Description>
    </Position>
    <Position Key="Poi_-1207259465" actions="sit,smoke,drink-whiskey">
      <Key>Poi_-1207259465</Key>
      <X>-2310.341</X>
      <Y>4319.912</Y>
      <Z>33.2345238</Z>
      <Heading>152.683456</Heading>
      <Threshold>2</Threshold>
      <Description>No description</Description>
    </Position>
    <Position Key="Poi_-1207501542" actions="sit,smoke,drink-whiskey">
      <Key>Poi_-1207501542</Key>
      <X>-2310.22729</X>
      <Y>4320.00635</Y>
      <Z>33.2345161</Z>
      <Heading>347.163971</Heading>
      <Threshold>2</Threshold>
      <Description>No description</Description>
    </Position>
    <Position Key="Poi_-1188125637" actions="sit,smoke,drink-whiskey">
      <Key>Poi_-1188125637</Key>
      <X>-2319.026</X>
      <Y>4327.47363</Y>
      <Z>33.0801544</Z>
      <Heading>317.774384</Heading>
      <Threshold>2</Threshold>
      <Description>No description</Description>
    </Position>
    <Position Key="Poi_-1212132945" actions="sit,smoke,drink-whiskey">
      <Key>Poi_-1212132945</Key>
      <X>-2307.41724</X>
      <Y>4351.805</Y>
      <Z>33.0801544</Z>
      <Heading>53.32054</Heading>
      <Threshold>2</Threshold>
      <Description>No description</Description>
    </Position>
    <Position Key="Poi_-1214523496" actions="sit,smoke,drink-whiskey">
      <Key>Poi_-1214523496</Key>
      <X>-2306.284</X>
      <Y>4353.18652</Y>
      <Z>33.0801544</Z>
      <Heading>59.61101</Heading>
      <Threshold>2</Threshold>
      <Description>No description</Description>
    </Position>
    <Position Key="Poi_-1252242238" actions="sit,smoke,drink-whiskey">
      <Key>Poi_-1252242238</Key>
      <X>-2289.314</X>
      <Y>4335.795</Y>
      <Z>32.58704</Z>
      <Heading>231.855453</Heading>
      <Threshold>2</Threshold>
      <Description>No description</Description>
    </Position>
    <Position Key="Poi_-1253477634" actions="sit,smoke,drink-whiskey">
      <Key>Poi_-1253477634</Key>
      <X>-2288.72925</X>
      <Y>4336.464</Y>
      <Z>32.5872269</Z>
      <Heading>222.084381</Heading>
      <Threshold>2</Threshold>
      <Description>No description</Description>
    </Position>
    <Position Key="Poi_-1252485216" actions="sit,smoke,drink-whiskey">
      <Key>Poi_-1252485216</Key>
      <X>-2289.3335</X>
      <Y>4329.75049</Y>
      <Z>32.5848236</Z>
      <Heading>334.2223</Heading>
      <Threshold>2</Threshold>
      <Description>No description</Description>
    </Position>
    <Position Key="Poi_-1253914997" actions="sit,smoke,drink-whiskey">
      <Key>Poi_-1253914997</Key>
      <X>-2288.685</X>
      <Y>4329.22559</Y>
      <Z>32.5847</Z>
      <Heading>311.025146</Heading>
      <Threshold>2</Threshold>
      <Description>No description</Description>
    </Position>
    <Position Key="Poi_-1255299609" actions="sit,smoke,drink-whiskey">
      <Key>Poi_-1255299609</Key>
      <X>-2288.05566</X>
      <Y>4328.796</Y>
      <Z>32.5823746</Z>
      <Heading>332.6712</Heading>
      <Threshold>2</Threshold>
      <Description>No description</Description>
    </Position>
    <Position Key="Poi_-1241573111" actions="sit,smoke,drink-whiskey">
      <Key>Poi_-1241573111</Key>
      <X>-2294.72778</X>
      <Y>4345.46631</Y>
      <Z>29.4000549</Z>
      <Heading>141.0975</Heading>
      <Threshold>2</Threshold>
      <Description>No description</Description>
    </Position>
    <Position Key="Poi_-1243882449" actions="sit,smoke,drink-whiskey">
      <Key>Poi_-1243882449</Key>
      <X>-2293.682</X>
      <Y>4344.55127</Y>
      <Z>29.4000549</Z>
      <Heading>133.394684</Heading>
      <Threshold>2</Threshold>
      <Description>No description</Description>
    </Position>
    <Position Key="Poi_-1245302216" actions="sit,smoke,drink-whiskey">
      <Key>Poi_-1245302216</Key>
      <X>-2293.0376</X>
      <Y>4344.04736</Y>
      <Z>29.4000549</Z>
      <Heading>86.70618</Heading>
      <Threshold>2</Threshold>
      <Description>No description</Description>
    </Position>
    <Position Key="Poi_-1244291550" actions="sit,smoke,drink-whiskey">
      <Key>Poi_-1244291550</Key>
      <X>-2293.516</X>
      <Y>4343.4917</Y>
      <Z>29.4000549</Z>
      <Heading>48.9132957</Heading>
      <Threshold>2</Threshold>
      <Description>No description</Description>
    </Position>
    <Position Key="Poi_-1242593644" actions="sit,smoke,drink-whiskey">
      <Key>Poi_-1242593644</Key>
      <X>-2294.31836</X>
      <Y>4342.63428</Y>
      <Z>29.4000549</Z>
      <Heading>42.9183922</Heading>
      <Threshold>2</Threshold>
      <Description>No description</Description>
    </Position>
    <Position Key="Poi_-1242759710" actions="sit,smoke,drink-whiskey">
      <Key>Poi_-1242759710</Key>
      <X>-2294.50366</X>
      <Y>4334.13525</Y>
      <Z>29.0810719</Z>
      <Heading>39.7484</Heading>
      <Threshold>2</Threshold>
      <Description>No description</Description>
    </Position>
    <Position Key="Poi_-1243671154" actions="sit,smoke,drink-whiskey">
      <Key>Poi_-1243671154</Key>
      <X>-2294.07178</X>
      <Y>4334.65234</Y>
      <Z>29.0810719</Z>
      <Heading>46.9564171</Heading>
      <Threshold>2</Threshold>
      <Description>No description</Description>
    </Position>
    <Position Key="Poi_-1244837576" actions="sit,smoke,drink-whiskey">
      <Key>Poi_-1244837576</Key>
      <X>-2293.51782</X>
      <Y>4335.37158</Y>
      <Z>29.0810719</Z>
      <Heading>56.5210876</Heading>
      <Threshold>2</Threshold>
      <Description>No description</Description>
    </Position>
    <Position Key="Poi_-1209201578" actions="sleep">
      <Key>Poi_-1209201578</Key>
      <X>-2308.654</X>
      <Y>4334.878</Y>
      <Z>37.080986</Z>
      <Heading>187.576447</Heading>
      <Threshold>2</Threshold>
      <Description>No description</Description>
    </Position>
    <Position Key="Poi_-1205756132" actions="sleep-right">
      <Key>Poi_-1205756132</Key>
      <X>-2310.29175</X>
      <Y>4332.68945</Y>
      <Z>37.080986</Z>
      <Heading>279.890045</Heading>
      <Threshold>2</Threshold>
      <Description>No description</Description>
    </Position>
  </PointOfInterest>
  <closets>
    <Position Key="Closet_-1247966985">
      <Key>Closet_-1247966985</Key>
      <X>-2290.47632</X>
      <Y>4347.971</Y>
      <Z>37.1003342</Z>
      <Heading>323.7948</Heading>
      <Threshold>2</Threshold>
      <Description>No description</Description>
    </Position>
    <Position Key="Closet_-1215333827">
      <Key>Closet_-1215333827</Key>
      <X>-2305.96313</X>
      <Y>4328.47461</Y>
      <Z>37.081028</Z>
      <Heading>132.123215</Heading>
      <Threshold>2</Threshold>
      <Description>No description</Description>
    </Position>
    <Position Key="Closet_-1202391082">
      <Key>Closet_-1202391082</Key>
      <X>-2311.831</X>
      <Y>4333.32</Y>
      <Z>37.08103</Z>
      <Heading>120.1119</Heading>
      <Threshold>2</Threshold>
      <Description>No description</Description>
    </Position>
  </closets>
</Root>