﻿<?xml version="1.0" encoding="utf-8"?>
<Root>
  <Security>
    <Position Key="Security_-269770301">
      <Key>Security_-269770301</Key>
      <X>-2064.62085</X>
      <Y>-413.0499</Y>
      <Z>11.3046951</Z>
      <Heading>321.102875</Heading>
      <Threshold>2</Threshold>
      <Description>No description</Description>
    </Position>
    <Position Key="Security_-260808926">
      <Key>Security_-260808926</Key>
      <X>-2070.51831</X>
      <Y>-407.8248</Y>
      <Z>11.4199171</Z>
      <Heading>315.909668</Heading>
      <Threshold>2</Threshold>
      <Description>No description</Description>
    </Position>
    <Position Key="Security_-134615126">
      <Key>Security_-134615126</Key>
      <X>-2093.15381</X>
      <Y>-509.07782</Y>
      <Z>12.2179594</Z>
      <Heading>58.1938629</Heading>
      <Threshold>2</Threshold>
      <Description>No description</Description>
    </Position>
    <Position Key="Security_-127109652">
      <Key>Security_-127109652</Key>
      <X>-2095.59717</X>
      <Y>-512.0236</Y>
      <Z>12.2179585</Z>
      <Heading>51.52826</Heading>
      <Threshold>2</Threshold>
      <Description>No description</Description>
    </Position>
    <Position Key="Security_-58838618">
      <Key>Security_-58838618</Key>
      <X>-2129.895</X>
      <Y>-504.190948</Y>
      <Z>12.07424</Z>
      <Heading>47.9381256</Heading>
      <Threshold>2</Threshold>
      <Description>No description</Description>
    </Position>
  </Security>
  <Tvs>
    <Position Key="tv_-195983666" renderer="tvscreen" model="-240931727" modelName="vw_prop_vw_cinema_tv_01">
      <Key>tv_-195983666</Key>
      <X>-2063.54541</X>
      <Y>-512.032654</Y>
      <Z>12.7632866</Z>
      <Heading>320</Heading>
      <Threshold>4</Threshold>
      <Description>Tv model vw_prop_vw_cinema_tv_01</Description>
    </Position>
    <Position Key="tv_-103387341" renderer="tvscreen" model="-240931727" modelName="vw_prop_vw_cinema_tv_01">
      <Key>tv_-103387341</Key>
      <X>-2117.9458</X>
      <Y>-522.753845</Y>
      <Z>1.10047352</Z>
      <Heading>90.73163</Heading>
      <Threshold>4</Threshold>
      <Description>Tv model vw_prop_vw_cinema_tv_01</Description>
    </Position>
    <Position Key="tv_-146370882" renderer="tvscreen" model="-240931727" modelName="vw_prop_vw_cinema_tv_01">
      <Key>tv_-146370882</Key>
      <X>-2080.32544</X>
      <Y>-537.5901</Y>
      <Z>16.4373283</Z>
      <Heading>229.999985</Heading>
      <Threshold>4</Threshold>
      <Description>Tv model vw_prop_vw_cinema_tv_01</Description>
    </Position>
    <Position Key="tv_-58144645" renderer="tvscreen" model="-240931727" modelName="vw_prop_vw_cinema_tv_01">
      <Key>tv_-58144645</Key>
      <X>-2124.35425</X>
      <Y>-517.9678</Y>
      <Z>16.8562489</Z>
      <Heading>49.99999</Heading>
      <Threshold>4</Threshold>
      <Description>Tv model vw_prop_vw_cinema_tv_01</Description>
    </Position>
    <Position Key="tv_-162810444" renderer="tvscreen" model="-240931727" modelName="vw_prop_vw_cinema_tv_01">
      <Key>tv_-162810444</Key>
      <X>-2077.13086</X>
      <Y>-519.877747</Y>
      <Z>13.507349</Z>
      <Heading>230.000031</Heading>
      <Threshold>4</Threshold>
      <Description>Tv model vw_prop_vw_cinema_tv_01</Description>
    </Position>
    <Position Key="tv_-70119555" renderer="tvscreen" model="-240931727" modelName="vw_prop_vw_cinema_tv_01">
      <Key>tv_-70119555</Key>
      <X>-2119.65527</X>
      <Y>-522.6627</Y>
      <Z>13.0307045</Z>
      <Heading>230.000031</Heading>
      <Threshold>4</Threshold>
      <Description>Tv model vw_prop_vw_cinema_tv_01</Description>
    </Position>
    <Position Key="tv_-81967294" renderer="tvscreen" model="-240931727" modelName="vw_prop_vw_cinema_tv_01">
      <Key>tv_-81967294</Key>
      <X>-2110.78076</X>
      <Y>-533.5519</Y>
      <Z>16.31375</Z>
      <Heading>140</Heading>
      <Threshold>4</Threshold>
      <Description>Tv model vw_prop_vw_cinema_tv_01</Description>
    </Position>
    <Position Key="tv_-150154194" renderer="tvscreen" model="-240931727" modelName="vw_prop_vw_cinema_tv_01">
      <Key>tv_-150154194</Key>
      <X>-2080.30029</X>
      <Y>-537.6112</Y>
      <Z>12.65499</Z>
      <Heading>229.999985</Heading>
      <Threshold>4</Threshold>
      <Description>Tv model vw_prop_vw_cinema_tv_01</Description>
    </Position>
    <Position Key="tv_-1226648590" renderer="tvscreen" model="1036195894" modelName="prop_tv_flat_01">
      <Key>tv_-1226648590</Key>
      <X>-2300.94</X>
      <Y>4336.48</Y>
      <Z>34</Z>
      <Heading>230</Heading>
      <Threshold>4</Threshold>
      <Description>Tv model prop_tv_flat_01</Description>
    </Position>
    <Position Key="tv_-1218977512" renderer="tvscreen" model="1036195894" modelName="prop_tv_flat_01">
      <Key>tv_-1218977512</Key>
      <X>-2304.06</X>
      <Y>4337.12</Y>
      <Z>37.3580971</Z>
      <Heading>139.999985</Heading>
      <Threshold>4</Threshold>
      <Description>Tv model prop_tv_flat_01</Description>
    </Position>
    <Position Key="tv_-1221954831" renderer="tvscreen" model="1036195894" modelName="prop_tv_flat_01">
      <Key>tv_-1221954831</Key>
      <X>-2302.68</X>
      <Y>4357.2</Y>
      <Z>33.8</Z>
      <Heading>49.9999924</Heading>
      <Threshold>4</Threshold>
      <Description>Tv model prop_tv_flat_01</Description>
    </Position>
    <Position Key="tv_-1224775961" renderer="tvscreen" model="1036195894" modelName="prop_tv_flat_01">
      <Key>tv_-1224775961</Key>
      <X>-2302.2</X>
      <Y>4349.44</Y>
      <Z>30.2</Z>
      <Heading>49.9999924</Heading>
      <Threshold>4</Threshold>
      <Description>Tv model prop_tv_flat_01</Description>
    </Position>
    <Position Key="tv_-1226325119" renderer="tvscreen" model="1036195894" modelName="prop_tv_flat_01">
      <Key>tv_-1226325119</Key>
      <X>-2300.48</X>
      <Y>4346.14</Y>
      <Z>37.3</Z>
      <Heading>139.999985</Heading>
      <Threshold>4</Threshold>
      <Description>Tv model prop_tv_flat_01</Description>
    </Position>
    <Position Key="tv_-118261960" renderer="tvscreen" model="1065897083" modelName="prop_tv_flat_02b">
      <Key>tv_-118261960</Key>
      <X>-2095.02612</X>
      <Y>-528.6716</Y>
      <Z>15.8529291</Z>
      <Heading>230.000031</Heading>
      <Threshold>4</Threshold>
      <Description>Tv model prop_tv_flat_02b</Description>
    </Position>
    <Position Key="tv_-1209542863" renderer="tvscreen" model="-698352776" modelName="prop_tv_flat_03b">
      <Key>tv_-1209542863</Key>
      <X>-2308.6</X>
      <Y>4325</Y>
      <Z>38</Z>
      <Heading>139.999985</Heading>
      <Threshold>4</Threshold>
      <Description>Tv model prop_tv_flat_03b</Description>
    </Position>
    <Position Key="tv_-1257142836" renderer="tvscreen" model="-698352776" modelName="prop_tv_flat_03b">
      <Key>tv_-1257142836</Key>
      <X>-2286.28</X>
      <Y>4343.42</Y>
      <Z>37.6</Z>
      <Heading>320</Heading>
      <Threshold>4</Threshold>
      <Description>Tv model prop_tv_flat_03b</Description>
    </Position>
    <Position Key="tv_-182763569" renderer="tvscreen" model="777010715" modelName="hei_heist_str_avunitl_03">
      <Key>tv_-182763569</Key>
      <X>-2070.34277</X>
      <Y>-512.3301</Y>
      <Z>11.2179527</Z>
      <Heading>230</Heading>
      <Threshold>4</Threshold>
      <Description>Tv model hei_heist_str_avunitl_03</Description>
    </Position>
    <Position Key="tv_312537029" renderer="ex_tvscreen" model="608950395" modelName="ex_prop_ex_tv_flat_01">
      <Key>tv_312537029</Key>
      <X>-3234.408</X>
      <Y>821.0096</Y>
      <Z>15.21014</Z>
      <Heading>211.9963</Heading>
      <Threshold>4</Threshold>
      <Description>Tv model ex_prop_ex_tv_flat_01</Description>
    </Position>
    <Position Key="tv_-1216480465" renderer="prop_x17_tv_ceil_scn_01" model="1503218008" modelName="xm_prop_x17_tv_ceiling_01">
      <Key>tv_-1216480465</Key>
      <X>-2305.14</X>
      <Y>4330.32</Y>
      <Z>39.18</Z>
      <Heading>230</Heading>
      <Threshold>4</Threshold>
      <Description>Tv model xm_prop_x17_tv_ceiling_01</Description>
    </Position>
  </Tvs>
  <closets>
    <Position Key="Closet_-102056690">
      <Key>Closet_-102056690</Key>
      <X>-2104.42529</X>
      <Y>-518.0048</Y>
      <Z>15.718338</Z>
      <Heading>54.7137642</Heading>
      <Threshold>2</Threshold>
      <Description>No description</Description>
    </Position>
    <Position Key="Closet_-67515939">
      <Key>Closet_-67515939</Key>
      <X>-2120.92676</X>
      <Y>-514.8323</Y>
      <Z>15.7003689</Z>
      <Heading>47.3443947</Heading>
      <Threshold>2</Threshold>
      <Description>No description</Description>
    </Position>
  </closets>
</Root>