﻿<?xml version="1.0" encoding="utf-8"?>
<Root>
  <Security>
    <Position Key="Security_-1852203156">
      <Key>Security_-1852203156</Key>
      <X>-530.3379</X>
      <Y>4991.44434</Y>
      <Z>153.679977</Z>
      <Heading>323.4147</Heading>
      <Threshold>2</Threshold>
      <Description>No description</Description>
    </Position>
    <Position Key="Security_-1834304714">
      <Key>Security_-1834304714</Key>
      <X>-532.394165</X>
      <Y>4993.079</Y>
      <Z>153.671249</Z>
      <Heading>322.24646</Heading>
      <Threshold>2</Threshold>
      <Description>No description</Description>
    </Position>
    <Position Key="Security_-1705573129">
      <Key>Security_-1705573129</Key>
      <X>-547.1692</X>
      <Y>5007.52637</Y>
      <Z>153.5784</Z>
      <Heading>231.436</Heading>
      <Threshold>2</Threshold>
      <Description>No description</Description>
    </Position>
    <Position Key="Security_-1721241648">
      <Key>Security_-1721241648</Key>
      <X>-545.3465</X>
      <Y>5010.25928</Y>
      <Z>153.582626</Z>
      <Heading>241.319122</Heading>
      <Threshold>2</Threshold>
      <Description>No description</Description>
    </Position>
    <Position Key="Security_-1719631686">
      <Key>Security_-1719631686</Key>
      <X>-545.432434</X>
      <Y>5019.63965</Y>
      <Z>160.041321</Z>
      <Heading>59.1458778</Heading>
      <Threshold>2</Threshold>
      <Description>No description</Description>
    </Position>
    <Position Key="Security_-1716100256">
      <Key>Security_-1716100256</Key>
      <X>-545.910156</X>
      <Y>5006.936</Y>
      <Z>159.878632</Z>
      <Heading>57.5269928</Heading>
      <Threshold>2</Threshold>
      <Description>No description</Description>
    </Position>
  </Security>
  <PointOfInterest>
    <Position Key="Poi_-1738173486" actions="sleep">
      <Key>Poi_-1738173486</Key>
      <X>-543.3143</X>
      <Y>5010.45557</Y>
      <Z>163.844162</Z>
      <Heading>267.7332</Heading>
      <Threshold>2</Threshold>
      <Description>No description</Description>
    </Position>
    <Position Key="Poi_-1762306225" actions="sleep-right">
      <Key>Poi_-1762306225</Key>
      <X>-540.541565</X>
      <Y>5008.30664</Y>
      <Z>163.842575</Z>
      <Heading>12.1358891</Heading>
      <Threshold>2</Threshold>
      <Description>No description</Description>
    </Position>
    <Position Key="Poi_-1775651632" actions="sit,smoke,drink-whiskey">
      <Key>Poi_-1775651632</Key>
      <X>-538.999634</X>
      <Y>5008.705</Y>
      <Z>163.841843</Z>
      <Heading>102.512917</Heading>
      <Threshold>2</Threshold>
      <Description>No description</Description>
    </Position>
    <Position Key="Poi_-1827388353" actions="sit,smoke,drink-whiskey">
      <Key>Poi_-1827388353</Key>
      <X>-533.0711</X>
      <Y>5006.65625</Y>
      <Z>159.922531</Z>
      <Heading>139.209763</Heading>
      <Threshold>2</Threshold>
      <Description>No description</Description>
    </Position>
    <Position Key="Poi_-1814123911" actions="sit,smoke,drink-whiskey">
      <Key>Poi_-1814123911</Key>
      <X>-534.612549</X>
      <Y>5004.63</Y>
      <Z>159.922485</Z>
      <Heading>245.41925</Heading>
      <Threshold>2</Threshold>
      <Description>No description</Description>
    </Position>
    <Position Key="Poi_-1804237060" actions="sit,smoke,drink-whiskey">
      <Key>Poi_-1804237060</Key>
      <X>-535.7628</X>
      <Y>5002.87451</Y>
      <Z>159.922516</Z>
      <Heading>232.6948</Heading>
      <Threshold>2</Threshold>
      <Description>No description</Description>
    </Position>
    <Position Key="Poi_-1806612258" actions="sit,smoke,drink-whiskey">
      <Key>Poi_-1806612258</Key>
      <X>-535.493347</X>
      <Y>5002.03271</Y>
      <Z>159.922348</Z>
      <Heading>306.504547</Heading>
      <Threshold>2</Threshold>
      <Description>No description</Description>
    </Position>
    <Position Key="Poi_-1823461129" actions="sit,smoke,drink-whiskey">
      <Key>Poi_-1823461129</Key>
      <X>-533.540466</X>
      <Y>5003.66748</Y>
      <Z>159.922485</Z>
      <Heading>124.607277</Heading>
      <Threshold>2</Threshold>
      <Description>No description</Description>
    </Position>
    <Position Key="Poi_-1785929062" actions="sit,smoke,drink-whiskey">
      <Key>Poi_-1785929062</Key>
      <X>-537.8647</X>
      <Y>5004.80273</Y>
      <Z>159.922485</Z>
      <Heading>71.06707</Heading>
      <Threshold>2</Threshold>
      <Description>No description</Description>
    </Position>
    <Position Key="Poi_-1782454337" actions="sit,smoke,drink-whiskey">
      <Key>Poi_-1782454337</Key>
      <X>-538.2688</X>
      <Y>5004.213</Y>
      <Z>159.922485</Z>
      <Heading>66.24282</Heading>
      <Threshold>2</Threshold>
      <Description>No description</Description>
    </Position>
    <Position Key="Poi_-1778964949" actions="sit,smoke,drink-whiskey">
      <Key>Poi_-1778964949</Key>
      <X>-538.674561</X>
      <Y>5003.63135</Y>
      <Z>159.922318</Z>
      <Heading>55.7138</Heading>
      <Threshold>2</Threshold>
      <Description>No description</Description>
    </Position>
    <Position Key="Poi_-1870593346" actions="sit,smoke,drink-whiskey">
      <Key>Poi_-1870593346</Key>
      <X>-528.105469</X>
      <Y>5003.169</Y>
      <Z>159.878677</Z>
      <Heading>151.537048</Heading>
      <Threshold>2</Threshold>
      <Description>No description</Description>
    </Position>
    <Position Key="Poi_-1833629451" actions="sit,smoke,drink-whiskey">
      <Key>Poi_-1833629451</Key>
      <X>-532.404663</X>
      <Y>4996.84668</Y>
      <Z>159.878632</Z>
      <Heading>331.6436</Heading>
      <Threshold>2</Threshold>
      <Description>No description</Description>
    </Position>
    <Position Key="Poi_-1729885714" actions="sit,smoke,drink-whiskey">
      <Key>Poi_-1729885714</Key>
      <X>-544.2797</X>
      <Y>5014.27539</Y>
      <Z>159.878723</Z>
      <Heading>228.598923</Heading>
      <Threshold>2</Threshold>
      <Description>No description</Description>
    </Position>
    <Position Key="Poi_-1727129230" actions="sit,smoke,drink-whiskey">
      <Key>Poi_-1727129230</Key>
      <X>-544.6003</X>
      <Y>5013.812</Y>
      <Z>159.878769</Z>
      <Heading>239.012817</Heading>
      <Threshold>2</Threshold>
      <Description>No description</Description>
    </Position>
    <Position Key="Poi_-1629318880" actions="sit,smoke,drink-whiskey">
      <Key>Poi_-1629318880</Key>
      <X>-555.919434</X>
      <Y>5007.33838</Y>
      <Z>160.041229</Z>
      <Heading>343.013672</Heading>
      <Threshold>2</Threshold>
      <Description>No description</Description>
    </Position>
    <Position Key="Poi_-1632518915" actions="sit,smoke,drink-whiskey">
      <Key>Poi_-1632518915</Key>
      <X>-555.552</X>
      <Y>5007.01025</Y>
      <Z>160.041245</Z>
      <Heading>324.3765</Heading>
      <Threshold>2</Threshold>
      <Description>No description</Description>
    </Position>
    <Position Key="Poi_-1639748410" actions="sit,smoke,drink-whiskey">
      <Key>Poi_-1639748410</Key>
      <X>-554.713562</X>
      <Y>5007.80371</Y>
      <Z>160.04129</Z>
      <Heading>61.4468575</Heading>
      <Threshold>2</Threshold>
      <Description>No description</Description>
    </Position>
    <Position Key="Poi_-1636370584" actions="sit,smoke,drink-whiskey">
      <Key>Poi_-1636370584</Key>
      <X>-555.1064</X>
      <Y>5007.23438</Y>
      <Z>160.04129</Z>
      <Heading>52.3448677</Heading>
      <Threshold>2</Threshold>
      <Description>No description</Description>
    </Position>
    <Position Key="Poi_-1700222054" actions="sit,smoke,drink-whiskey">
      <Key>Poi_-1700222054</Key>
      <X>-547.6601</X>
      <Y>5021.809</Y>
      <Z>160.041336</Z>
      <Heading>130.296082</Heading>
      <Threshold>2</Threshold>
      <Description>No description</Description>
    </Position>
    <Position Key="Poi_-1539933585" actions="sit,smoke,drink-whiskey">
      <Key>Poi_-1539933585</Key>
      <X>-566.13916</X>
      <Y>5024.45947</Y>
      <Z>160.087967</Z>
      <Heading>302.603516</Heading>
      <Threshold>2</Threshold>
      <Description>No description</Description>
    </Position>
    <Position Key="Poi_-1545299693" actions="sit,smoke,drink-whiskey">
      <Key>Poi_-1545299693</Key>
      <X>-565.5214</X>
      <Y>5024.205</Y>
      <Z>160.0862</Z>
      <Heading>332.6304</Heading>
      <Threshold>2</Threshold>
      <Description>No description</Description>
    </Position>
    <Position Key="Poi_-1552062335" actions="sit,smoke,drink-whiskey">
      <Key>Poi_-1552062335</Key>
      <X>-564.738</X>
      <Y>5024.7915</Y>
      <Z>160.085876</Z>
      <Heading>97.966835</Heading>
      <Threshold>2</Threshold>
      <Description>No description</Description>
    </Position>
    <Position Key="Poi_-1540890239" actions="sit,smoke,drink-whiskey">
      <Key>Poi_-1540890239</Key>
      <X>-566.022156</X>
      <Y>5025.67432</Y>
      <Z>160.091248</Z>
      <Heading>214.298126</Heading>
      <Threshold>2</Threshold>
      <Description>No description</Description>
    </Position>
  </PointOfInterest>
  <Showers>
    <Position Key="shower_-1742616222" offset="1.699999">
      <Key>shower_-1742616222</Key>
      <X>-542.825</X>
      <Y>5011.67871</Y>
      <Z>159.8786</Z>
      <Heading>233.265244</Heading>
      <Threshold>2</Threshold>
      <Description>No description</Description>
    </Position>
  </Showers>
</Root>