﻿<?xml version="1.0" encoding="utf-8"?>
<Root>
  <Security>
    <Position>
      <Key>security-spot_-2044168933</Key>
      <X>769.4686</X>
      <Y>3411.064</Y>
      <Z>62.91771</Z>
      <Heading>173.1311</Heading>
      <Threshold>2</Threshold>
      <Description></Description>
    </Position>
    <Position>
      <Key>security-spot_-2077321951</Key>
      <X>765.645</X>
      <Y>3410.923</Y>
      <Z>62.91766</Z>
      <Heading>191.3512</Heading>
      <Threshold>2</Threshold>
      <Description></Description>
    </Position>
    <Position>
      <Key>security-spot_-1956525456</Key>
      <X>779.5154</X>
      <Y>3431.216</Y>
      <Z>57.83811</Z>
      <Heading>10.90454</Heading>
      <Threshold>2</Threshold>
      <Description></Description>
    </Position>
    <Position>
      <Key>security-spot_-1991856843</Key>
      <X>775.4373</X>
      <Y>3431.362</Y>
      <Z>57.83809</Z>
      <Heading>341.3202</Heading>
      <Threshold>2</Threshold>
      <Description></Description>
    </Position>
    <Position>
      <Key>security-spot_-1764690138</Key>
      <X>801.647</X>
      <Y>3431.405</Y>
      <Z>57.83811</Z>
      <Heading>7.722107</Heading>
      <Threshold>2</Threshold>
      <Description></Description>
    </Position>
    <Position>
      <Key>security-spot_-1705897151</Key>
      <X>808.4874</X>
      <Y>3426.104</Y>
      <Z>57.8581</Z>
      <Heading>337.7872</Heading>
      <Threshold>2</Threshold>
      <Description></Description>
    </Position>
    <Position>
      <Key>security-spot_-1951978942</Key>
      <X>780.2523</X>
      <Y>3411.567</Y>
      <Z>57.87808</Z>
      <Heading>264.9172</Heading>
      <Threshold>2</Threshold>
      <Description></Description>
    </Position>
    <Position>
      <Key>security-spot_-1847892994</Key>
      <X>792.2208</X>
      <Y>3415.317</Y>
      <Z>57.87808</Z>
      <Heading>269.2461</Heading>
      <Threshold>2</Threshold>
      <Description></Description>
    </Position>
    <Position>
      <Key>security-spot_-1789998753</Key>
      <X>798.901</X>
      <Y>3415.277</Y>
      <Z>57.87807</Z>
      <Heading>91.72331</Heading>
      <Threshold>2</Threshold>
      <Description></Description>
    </Position>
    <Position>
      <Key>security-spot_-1880487446</Key>
      <X>788.54</X>
      <Y>3407.971</Y>
      <Z>57.87807</Z>
      <Heading>359.8537</Heading>
      <Threshold>2</Threshold>
      <Description></Description>
    </Position>
  </Security>
  <PointOfInterest>
    <Position Key="Poi_2075603167" actions="sit,smoke,drink-whiskey">
      <Key>Poi_2075603167</Key>
      <X>749.248535</X>
      <Y>3412.31641</Y>
      <Z>62.6777954</Z>
      <Heading>303.21875</Heading>
      <Threshold>2</Threshold>
      <Description>No description</Description>
    </Position>
    <Position Key="Poi_2079845792" actions="sit,smoke,drink-whiskey">
      <Key>Poi_2079845792</Key>
      <X>749.757141</X>
      <Y>3410.55933</Y>
      <Z>62.67779</Z>
      <Heading>280.446533</Heading>
      <Threshold>2</Threshold>
      <Description>No description</Description>
    </Position>
    <Position Key="Poi_2106748225" actions="sit,smoke,drink-whiskey">
      <Key>Poi_2106748225</Key>
      <X>752.8643</X>
      <Y>3410.26318</Y>
      <Z>62.67779</Z>
      <Heading>16.3164978</Heading>
      <Threshold>2</Threshold>
      <Description>No description</Description>
    </Position>
    <Position Key="Poi_2113295681" actions="sit,smoke,drink-whiskey">
      <Key>Poi_2113295681</Key>
      <X>753.618347</X>
      <Y>3410.39258</Y>
      <Z>62.67779</Z>
      <Heading>8.591612</Heading>
      <Threshold>2</Threshold>
      <Description>No description</Description>
    </Position>
    <Position Key="Poi_2120816037" actions="sit,smoke,drink-whiskey">
      <Key>Poi_2120816037</Key>
      <X>754.483154</X>
      <Y>3410.65747</Y>
      <Z>62.67779</Z>
      <Heading>36.0328827</Heading>
      <Threshold>2</Threshold>
      <Description>No description</Description>
    </Position>
    <Position Key="Poi_-2146405494" actions="sit,smoke,drink-whiskey">
      <Key>Poi_-2146405494</Key>
      <X>757.606262</X>
      <Y>3417.84766</Y>
      <Z>62.6777573</Z>
      <Heading>196.263779</Heading>
      <Threshold>2</Threshold>
      <Description>No description</Description>
    </Position>
    <Position Key="Poi_-2139259808" actions="sit,smoke,drink-whiskey">
      <Key>Poi_-2139259808</Key>
      <X>758.4297</X>
      <Y>3417.94263</Y>
      <Z>62.6777573</Z>
      <Heading>185.90538</Heading>
      <Threshold>2</Threshold>
      <Description>No description</Description>
    </Position>
    <Position Key="Poi_-2132299709" actions="sit,smoke,drink-whiskey">
      <Key>Poi_-2132299709</Key>
      <X>759.233154</X>
      <Y>3417.90381</Y>
      <Z>62.6777573</Z>
      <Heading>177.32135</Heading>
      <Threshold>2</Threshold>
      <Description>No description</Description>
    </Position>
    <Position Key="Poi_-2031849830" actions="sit,smoke,drink-whiskey">
      <Key>Poi_-2031849830</Key>
      <X>770.8891</X>
      <Y>3425.18115</Y>
      <Z>57.8736649</Z>
      <Heading>261.293823</Heading>
      <Threshold>2</Threshold>
      <Description>No description</Description>
    </Position>
    <Position Key="Poi_-2031236210" actions="sit,smoke,drink-whiskey">
      <Key>Poi_-2031236210</Key>
      <X>770.973</X>
      <Y>3423.96143</Y>
      <Z>57.8780632</Z>
      <Heading>267.8837</Heading>
      <Threshold>2</Threshold>
      <Description>No description</Description>
    </Position>
    <Position Key="Poi_-2031999051" actions="sit,smoke,drink-whiskey">
      <Key>Poi_-2031999051</Key>
      <X>770.892639</X>
      <Y>3423.25928</Y>
      <Z>57.8780632</Z>
      <Heading>302.220673</Heading>
      <Threshold>2</Threshold>
      <Description>No description</Description>
    </Position>
    <Position Key="Poi_-2024517996" actions="sit,smoke,drink-whiskey">
      <Key>Poi_-2024517996</Key>
      <X>771.756042</X>
      <Y>3423.236</Y>
      <Z>57.8780861</Z>
      <Heading>4.5876236</Heading>
      <Threshold>2</Threshold>
      <Description>No description</Description>
    </Position>
    <Position Key="Poi_2019423629" actions="sleep-right">
      <Key>Poi_2019423629</Key>
      <X>742.555054</X>
      <Y>3422.808</Y>
      <Z>67.80528</Z>
      <Heading>233.523132</Heading>
      <Threshold>2</Threshold>
      <Description>bed</Description>
    </Position>
    <Position Key="Poi_2056129581" actions="sleep">
      <Key>Poi_2056129581</Key>
      <X>746.7909</X>
      <Y>3422.73755</Y>
      <Z>67.805275</Z>
      <Heading>125.022713</Heading>
      <Threshold>2</Threshold>
      <Description>bed master</Description>
    </Position>
    <Position Key="Poi_2133265734" actions="sit,smoke,drink-whiskey">
      <Key>Poi_2133265734</Key>
      <X>755.659</X>
      <Y>3426.1687</Y>
      <Z>67.4379654</Z>
      <Heading>180.1728</Heading>
      <Threshold>2</Threshold>
      <Description>No description</Description>
    </Position>
    <Position Key="Poi_2122686917" actions="sit,smoke,drink-whiskey">
      <Key>Poi_2122686917</Key>
      <X>754.4392</X>
      <Y>3426.097</Y>
      <Z>67.43804</Z>
      <Heading>196.233963</Heading>
      <Threshold>2</Threshold>
      <Description>No description</Description>
    </Position>
    <Position Key="Poi_-2012503968" actions="sit,smoke,drink-whiskey">
      <Key>Poi_-2012503968</Key>
      <X>772.8987</X>
      <Y>3423.82178</Y>
      <Z>67.43795</Z>
      <Heading>97.0142</Heading>
      <Threshold>2</Threshold>
      <Description>No description</Description>
    </Position>
    <Position Key="Poi_-2015190598" actions="sit,smoke,drink-whiskey">
      <Key>Poi_-2015190598</Key>
      <X>772.6015</X>
      <Y>3422.64429</Y>
      <Z>67.43795</Z>
      <Heading>80.08822</Heading>
      <Threshold>2</Threshold>
      <Description>No description</Description>
    </Position>
    <Position Key="Poi_-2012701444" actions="sit,smoke,drink-whiskey">
      <Key>Poi_-2012701444</Key>
      <X>772.8979</X>
      <Y>3421.79858</Y>
      <Z>67.4379654</Z>
      <Heading>41.96188</Heading>
      <Threshold>2</Threshold>
      <Description>No description</Description>
    </Position>
    <Position Key="Poi_-2018524699" actions="sit,smoke,drink-whiskey">
      <Key>Poi_-2018524699</Key>
      <X>772.2253</X>
      <Y>3421.86572</Y>
      <Z>67.4379654</Z>
      <Heading>5.301773</Heading>
      <Threshold>2</Threshold>
      <Description>No description</Description>
    </Position>
    <Position Key="Poi_-2029145501" actions="sit,smoke,drink-whiskey">
      <Key>Poi_-2029145501</Key>
      <X>771.000549</X>
      <Y>3421.80322</Y>
      <Z>67.4379654</Z>
      <Heading>350.933167</Heading>
      <Threshold>2</Threshold>
      <Description>No description</Description>
    </Position>
    <Position Key="Poi_-1971607118" actions="sit,smoke,drink-whiskey">
      <Key>Poi_-1971607118</Key>
      <X>777.7071</X>
      <Y>3415.56226</Y>
      <Z>67.43653</Z>
      <Heading>356.9705</Heading>
      <Threshold>2</Threshold>
      <Description>No description</Description>
    </Position>
    <Position Key="Poi_-1971607118">
      <Key>Poi_-1971607118</Key>
      <X>777.7071</X>
      <Y>3415.56226</Y>
      <Z>67.43653</Z>
      <Heading>356.9705</Heading>
      <Threshold>2</Threshold>
      <Description></Description>
    </Position>
    <Position Key="Poi_-2009029040" actions="sit,smoke,drink-whiskey">
      <Key>Poi_-2009029040</Key>
      <X>773.352844</X>
      <Y>3440.74268</Y>
      <Z>57.8780746</Z>
      <Heading>10.6513853</Heading>
      <Threshold>2</Threshold>
      <Description>No description</Description>
    </Position>
    <Position Key="Poi_-2099322841" actions="sit,smoke,drink-whiskey">
      <Key>Poi_-2099322841</Key>
      <X>763.000732</X>
      <Y>3434.79663</Y>
      <Z>57.8381157</Z>
      <Heading>10.3541822</Heading>
      <Threshold>2</Threshold>
      <Description>No description</Description>
    </Position>
    <Position Key="Poi_-2122205254" actions="sit,smoke,drink-whiskey">
      <Key>Poi_-2122205254</Key>
      <X>760.3777</X>
      <Y>3433.22461</Y>
      <Z>57.83807</Z>
      <Heading>175.823227</Heading>
      <Threshold>2</Threshold>
      <Description>No description</Description>
    </Position>
    <Position Key="Poi_-2116051067" actions="sit,smoke,drink-whiskey">
      <Key>Poi_-2116051067</Key>
      <X>761.086731</X>
      <Y>3433.31787</Y>
      <Z>57.8381</Z>
      <Heading>181.610779</Heading>
      <Threshold>2</Threshold>
      <Description>No description</Description>
    </Position>
    <Position Key="Poi_-2064101199" actions="sleep">
      <Key>Poi_-2064101199</Key>
      <X>767.0617</X>
      <Y>3435.058</Y>
      <Z>57.8380928</Z>
      <Heading>138.095154</Heading>
      <Threshold>2</Threshold>
      <Description>No description</Description>
    </Position>
    <Position Key="Poi_2126002708" actions="sit,smoke,drink-whiskey">
      <Key>Poi_2126002708</Key>
      <X>754.959656</X>
      <Y>3435.3418</Y>
      <Z>57.83811</Z>
      <Heading>300.463654</Heading>
      <Threshold>2</Threshold>
      <Description>No description</Description>
    </Position>
    <Position Key="Poi_2126104598" actions="sit,smoke,drink-whiskey">
      <Key>Poi_2126104598</Key>
      <X>754.960144</X>
      <Y>3436.37842</Y>
      <Z>57.83811</Z>
      <Heading>263.847534</Heading>
      <Threshold>2</Threshold>
      <Description>No description</Description>
    </Position>
    <Position Key="Poi_2133611110" actions="sit,smoke,drink-whiskey">
      <Key>Poi_2133611110</Key>
      <X>755.817</X>
      <Y>3437.22632</Y>
      <Z>57.83812</Z>
      <Heading>202.109283</Heading>
      <Threshold>2</Threshold>
      <Description>No description</Description>
    </Position>
    <Position Key="Poi_-2143686804" actions="sit,smoke,drink-whiskey">
      <Key>Poi_-2143686804</Key>
      <X>757.864136</X>
      <Y>3436.44849</Y>
      <Z>57.83812</Z>
      <Heading>105.060867</Heading>
      <Threshold>2</Threshold>
      <Description>No description</Description>
    </Position>
    <Position Key="Poi_-2142491747" actions="sit,smoke,drink-whiskey">
      <Key>Poi_-2142491747</Key>
      <X>758.011169</X>
      <Y>3435.60669</Y>
      <Z>57.83812</Z>
      <Heading>81.21541</Heading>
      <Threshold>2</Threshold>
      <Description>No description</Description>
    </Position>
    <Position Key="Poi_2144987761" actions="sit,smoke,drink-whiskey">
      <Key>Poi_2144987761</Key>
      <X>757.158752</X>
      <Y>3434.54761</Y>
      <Z>57.83812</Z>
      <Heading>32.0308952</Heading>
      <Threshold>2</Threshold>
      <Description>No description</Description>
    </Position>
    <Position Key="Poi_2115440655" actions="sit,smoke,drink-whiskey">
      <Key>Poi_2115440655</Key>
      <X>753.6409</X>
      <Y>3444.43921</Y>
      <Z>57.87806</Z>
      <Heading>91.63348</Heading>
      <Threshold>2</Threshold>
      <Description>No description</Description>
    </Position>
    <Position Key="Poi_2117772648" actions="sit,smoke,drink-whiskey">
      <Key>Poi_2117772648</Key>
      <X>753.9252</X>
      <Y>3443.04272</Y>
      <Z>57.87806</Z>
      <Heading>82.44044</Heading>
      <Threshold>2</Threshold>
      <Description>No description</Description>
    </Position>
    <Position Key="Poi_2115952887" actions="sit,smoke,drink-whiskey">
      <Key>Poi_2115952887</Key>
      <X>753.7284</X>
      <Y>3441.82983</Y>
      <Z>57.8780556</Z>
      <Heading>64.73907</Heading>
      <Threshold>2</Threshold>
      <Description>No description</Description>
    </Position>
    <Position Key="Poi_2103370704" actions="sit,smoke,drink-whiskey">
      <Key>Poi_2103370704</Key>
      <X>752.28</X>
      <Y>3441.52173</Y>
      <Z>57.8781052</Z>
      <Heading>16.4175816</Heading>
      <Threshold>2</Threshold>
      <Description>No description</Description>
    </Position>
    <Position Key="Poi_2095297787" actions="sit,smoke,drink-whiskey">
      <Key>Poi_2095297787</Key>
      <X>751.347839</X>
      <Y>3441.59058</Y>
      <Z>57.87816</Z>
      <Heading>349.484436</Heading>
      <Threshold>2</Threshold>
      <Description>No description</Description>
    </Position>
    <Position Key="Poi_2083644666" actions="sit,smoke,drink-whiskey">
      <Key>Poi_2083644666</Key>
      <X>750.0021</X>
      <Y>3441.70532</Y>
      <Z>57.87812</Z>
      <Heading>5.95306969</Heading>
      <Threshold>2</Threshold>
      <Description>No description</Description>
    </Position>
    <Position Key="Poi_2072641597" actions="sit,smoke,drink-whiskey">
      <Key>Poi_2072641597</Key>
      <X>748.7299</X>
      <Y>3441.94824</Y>
      <Z>57.8780937</Z>
      <Heading>346.33252</Heading>
      <Threshold>2</Threshold>
      <Description>No description</Description>
    </Position>
    <Position Key="Poi_2061294570" actions="sit,smoke,drink-whiskey">
      <Key>Poi_2061294570</Key>
      <X>747.3773</X>
      <Y>3445.941</Y>
      <Z>57.8780937</Z>
      <Heading>237.026367</Heading>
      <Threshold>2</Threshold>
      <Description>No description</Description>
    </Position>
    <Position Key="Poi_2070753527" actions="sit,smoke,drink-whiskey">
      <Key>Poi_2070753527</Key>
      <X>748.4592</X>
      <Y>3446.8103</Y>
      <Z>57.8780937</Z>
      <Heading>186.913345</Heading>
      <Threshold>2</Threshold>
      <Description>No description</Description>
    </Position>
    <Position Key="Poi_2076360191" actions="sit,smoke,drink-whiskey">
      <Key>Poi_2076360191</Key>
      <X>749.105652</X>
      <Y>3446.853</Y>
      <Z>57.8780937</Z>
      <Heading>160.496948</Heading>
      <Threshold>2</Threshold>
      <Description>No description</Description>
    </Position>
    <Position Key="Poi_2084425946" actions="sit,smoke,drink-whiskey">
      <Key>Poi_2084425946</Key>
      <X>750.0362</X>
      <Y>3446.85962</Y>
      <Z>57.8780937</Z>
      <Heading>177.020859</Heading>
      <Threshold>2</Threshold>
      <Description>No description</Description>
    </Position>
    <Position Key="Poi_2089523229" actions="sit,smoke,drink-whiskey">
      <Key>Poi_2089523229</Key>
      <X>750.6249</X>
      <Y>3446.80737</Y>
      <Z>57.8780937</Z>
      <Heading>168.003159</Heading>
      <Threshold>2</Threshold>
      <Description>No description</Description>
    </Position>
    <Position Key="Poi_-1750900661" actions="sit,smoke,drink-whiskey">
      <Key>Poi_-1750900661</Key>
      <X>803.08</X>
      <Y>3447.68213</Y>
      <Z>57.2111778</Z>
      <Heading>0.20198606</Heading>
      <Threshold>2</Threshold>
      <Description>No description</Description>
    </Position>
    <Position Key="Poi_-1757516473" actions="sit,smoke,drink-whiskey">
      <Key>Poi_-1757516473</Key>
      <X>802.3166</X>
      <Y>3447.692</Y>
      <Z>57.2111778</Z>
      <Heading>354.793732</Heading>
      <Threshold>2</Threshold>
      <Description>No description</Description>
    </Position>
    <Position Key="Poi_-1783055767" actions="sit,smoke,drink-whiskey">
      <Key>Poi_-1783055767</Key>
      <X>799.3599</X>
      <Y>3448.61035</Y>
      <Z>57.21117</Z>
      <Heading>3.9513855</Heading>
      <Threshold>2</Threshold>
      <Description>No description</Description>
    </Position>
    <Position Key="Poi_-1884329119" actions="sit,smoke,drink-whiskey">
      <Key>Poi_-1884329119</Key>
      <X>787.8269</X>
      <Y>3432.76978</Y>
      <Z>57.8871727</Z>
      <Heading>352.209229</Heading>
      <Threshold>2</Threshold>
      <Description>No description</Description>
    </Position>
    <Position Key="Poi_2008530966" actions="jogging">
      <Key>Poi_2008530966</Key>
      <X>741.4766</X>
      <Y>3428.31226</Y>
      <Z>58.0279732</Z>
      <Heading>12.2835312</Heading>
      <Threshold>2</Threshold>
      <Description>No description</Description>
    </Position>
    <Position Key="Poi_2029096488" actions="jogging">
      <Key>Poi_2029096488</Key>
      <X>743.8401</X>
      <Y>3429.164</Y>
      <Z>58.0310555</Z>
      <Heading>16.4161587</Heading>
      <Threshold>2</Threshold>
      <Description>No description</Description>
    </Position>
    <Position Key="Poi_2055825715" actions="jogging">
      <Key>Poi_2055825715</Key>
      <X>746.9138</X>
      <Y>3430.10254</Y>
      <Z>58.032486</Z>
      <Heading>17.730196</Heading>
      <Threshold>2</Threshold>
      <Description>No description</Description>
    </Position>
    <Position Key="Poi_2078107310" actions="jogging">
      <Key>Poi_2078107310</Key>
      <X>749.477661</X>
      <Y>3430.74829</Y>
      <Z>58.0309067</Z>
      <Heading>18.3976288</Heading>
      <Threshold>2</Threshold>
      <Description>No description</Description>
    </Position>
    <Position Key="Poi_2074441544" actions="sit,smoke,drink-whiskey">
      <Key>Poi_2074441544</Key>
      <X>748.8461</X>
      <Y>3428.54468</Y>
      <Z>67.43806</Z>
      <Heading>139.596359</Heading>
      <Threshold>2</Threshold>
      <Description>No description</Description>
    </Position>
  </PointOfInterest>
  <Tvs>
    <Position Key="tv_-2046370924" renderer="tvscreen" model="1026865267" modelName="ch_prop_ch_arcade_big_screen">
      <Key>tv_-2046370924</Key>
      <X>769.2</X>
      <Y>3440</Y>
      <Z>53</Z>
      <Heading>0</Heading>
      <Threshold>4</Threshold>
      <Description>Tv model ch_prop_ch_arcade_big_screen</Description>
    </Position>
    <Position Key="tv_-842227817" renderer="tvscreen" model="1036195894" modelName="prop_tv_flat_01">
      <Key>tv_-842227817</Key>
      <X>3456.26</X>
      <Y>4908.62</Y>
      <Z>40.2</Z>
      <Heading>315</Heading>
      <Threshold>4</Threshold>
      <Description>Tv model prop_tv_flat_01</Description>
    </Position>
    <Position Key="tv_-2072492878" renderer="tvscreen" model="1036195894" modelName="prop_tv_flat_01">
      <Key>tv_-2072492878</Key>
      <X>766.34</X>
      <Y>3409.7</Y>
      <Z>58.8</Z>
      <Heading>270.0023</Heading>
      <Threshold>4</Threshold>
      <Description>Tv model prop_tv_flat_01</Description>
    </Position>
    <Position Key="tv_-2137518860" renderer="tvscreen" model="1036195894" modelName="prop_tv_flat_01">
      <Key>tv_-2137518860</Key>
      <X>758.64</X>
      <Y>3427.3</Y>
      <Z>59.002182</Z>
      <Heading>270.003662</Heading>
      <Threshold>4</Threshold>
      <Description>Tv model prop_tv_flat_01</Description>
    </Position>
    <Position Key="tv_-2118523238" renderer="tvscreen" model="1036195894" modelName="prop_tv_flat_01">
      <Key>tv_-2118523238</Key>
      <X>760.8</X>
      <Y>3430.78</Y>
      <Z>58.8</Z>
      <Heading>180.000015</Heading>
      <Threshold>4</Threshold>
      <Description>Tv model prop_tv_flat_01</Description>
    </Position>
    <Position Key="tv_-1957569365" renderer="tvscreen" model="1036195894" modelName="prop_tv_flat_01">
      <Key>tv_-1957569365</Key>
      <X>779.3</X>
      <Y>3417.24</Y>
      <Z>68</Z>
      <Heading>89.99364</Heading>
      <Threshold>4</Threshold>
      <Description>Tv model prop_tv_flat_01</Description>
    </Position>
    <Position Key="tv_-1964937713" renderer="tvscreen" model="1036195894" modelName="prop_tv_flat_01">
      <Key>tv_-1964937713</Key>
      <X>778.78</X>
      <Y>3421.2</Y>
      <Z>53.66</Z>
      <Heading>270.00415</Heading>
      <Threshold>4</Threshold>
      <Description>Tv model prop_tv_flat_01</Description>
    </Position>
    <Position Key="tv_1979776901" renderer="tvscreen" model="1036195894" modelName="prop_tv_flat_01">
      <Key>tv_1979776901</Key>
      <X>738.14</X>
      <Y>3426.8</Y>
      <Z>59.2</Z>
      <Heading>89.9995346</Heading>
      <Threshold>4</Threshold>
      <Description>Tv model prop_tv_flat_01</Description>
    </Position>
    <Position Key="tv_-1866194539" renderer="tvscreen" model="1036195894" modelName="prop_tv_flat_01">
      <Key>tv_-1866194539</Key>
      <X>790</X>
      <Y>3422.8</Y>
      <Z>58.8</Z>
      <Heading>89.9998856</Heading>
      <Threshold>4</Threshold>
      <Description>Tv model prop_tv_flat_01</Description>
    </Position>
    <Position Key="tv_-830370845" renderer="tvscreen" model="1194029334" modelName="prop_tv_flat_michael">
      <Key>tv_-830370845</Key>
      <X>3461.76</X>
      <Y>4904</Y>
      <Z>40.8</Z>
      <Heading>225</Heading>
      <Threshold>4</Threshold>
      <Description>Tv model prop_tv_flat_michael</Description>
    </Position>
    <Position Key="tv_-812130304" renderer="tvscreen" model="1194029334" modelName="prop_tv_flat_michael">
      <Key>tv_-812130304</Key>
      <X>3470</X>
      <Y>4912.2</Y>
      <Z>40.8</Z>
      <Heading>225</Heading>
      <Threshold>4</Threshold>
      <Description>Tv model prop_tv_flat_michael</Description>
    </Position>
    <Position Key="tv_-888566112" renderer="tvscreen" model="1194029334" modelName="prop_tv_flat_michael">
      <Key>tv_-888566112</Key>
      <X>3433.94</X>
      <Y>4948.26</Y>
      <Z>40.8</Z>
      <Heading>44.99999</Heading>
      <Threshold>4</Threshold>
      <Description>Tv model prop_tv_flat_michael</Description>
    </Position>
    <Position Key="tv_-906763735" renderer="tvscreen" model="1194029334" modelName="prop_tv_flat_michael">
      <Key>tv_-906763735</Key>
      <X>3425.72</X>
      <Y>4940.05</Y>
      <Z>40.8</Z>
      <Heading>44.99999</Heading>
      <Threshold>4</Threshold>
      <Description>Tv model prop_tv_flat_michael</Description>
    </Position>
    <Position Key="tv_-2030315837" renderer="tvscreen" model="1194029334" modelName="prop_tv_flat_michael">
      <Key>tv_-2030315837</Key>
      <X>771.18</X>
      <Y>3426.26</Y>
      <Z>53.72</Z>
      <Heading>0</Heading>
      <Threshold>4</Threshold>
      <Description>Tv model prop_tv_flat_michael</Description>
    </Position>
    <Position Key="tv_-2059783782" renderer="tvscreen" model="1194029334" modelName="prop_tv_flat_michael">
      <Key>tv_-2059783782</Key>
      <X>767.78</X>
      <Y>3426.26</Y>
      <Z>53.72</Z>
      <Heading>0</Heading>
      <Threshold>4</Threshold>
      <Description>Tv model prop_tv_flat_michael</Description>
    </Position>
    <Position Key="tv_-818570181" renderer="tvscreen" model="-1524180747" modelName="prop_monitor_w_large">
      <Key>tv_-818570181</Key>
      <X>3467.1</X>
      <Y>4914.718</Y>
      <Z>39.750946</Z>
      <Heading>225</Heading>
      <Threshold>4</Threshold>
      <Description>Tv model prop_monitor_w_large</Description>
    </Position>
    <Position Key="tv_-817648433" renderer="tvscreen" model="-1524180747" modelName="prop_monitor_w_large">
      <Key>tv_-817648433</Key>
      <X>3467.51</X>
      <Y>4915.43</Y>
      <Z>39.750946</Z>
      <Heading>255</Heading>
      <Threshold>4</Threshold>
      <Description>Tv model prop_monitor_w_large</Description>
    </Position>
    <Position Key="tv_-820128247" renderer="tvscreen" model="-1524180747" modelName="prop_monitor_w_large">
      <Key>tv_-820128247</Key>
      <X>3466.39</X>
      <Y>4914.31</Y>
      <Z>39.750946</Z>
      <Heading>195.000015</Heading>
      <Threshold>4</Threshold>
      <Description>Tv model prop_monitor_w_large</Description>
    </Position>
    <Position Key="tv_2092285538" renderer="tvscreen" model="-676527372" modelName="hei_prop_hst_laptop">
      <Key>tv_2092285538</Key>
      <X>751</X>
      <Y>3429.8</Y>
      <Z>62.125</Z>
      <Heading>158.000824</Heading>
      <Threshold>4</Threshold>
      <Description>Tv model hei_prop_hst_laptop</Description>
    </Position>
    <Position Key="tv_-2004694138" renderer="tvscreen" model="777010715" modelName="hei_heist_str_avunitl_03">
      <Key>tv_-2004694138</Key>
      <X>774</X>
      <Y>3430</Y>
      <Z>56.8784752</Z>
      <Heading>0</Heading>
      <Threshold>4</Threshold>
      <Description>Tv model hei_heist_str_avunitl_03</Description>
    </Position>
    <Position Key="tv_-914758566" renderer="prop_ex_computer_screen" model="743064848" modelName="ex_prop_monitor_01_ex">
      <Key>tv_-914758566</Key>
      <X>3422.32</X>
      <Y>4953.32</Y>
      <Z>36.02</Z>
      <Heading>225</Heading>
      <Threshold>4</Threshold>
      <Description>Tv model ex_prop_monitor_01_ex</Description>
    </Position>
    <Position Key="tv_-1886990519" renderer="prop_ex_computer_screen" model="743064848" modelName="ex_prop_monitor_01_ex">
      <Key>tv_-1886990519</Key>
      <X>787.34</X>
      <Y>3427.28</Y>
      <Z>67.61</Z>
      <Heading>0</Heading>
      <Threshold>4</Threshold>
      <Description>Tv model ex_prop_monitor_01_ex</Description>
    </Position>
    <Position Key="tv_312537029" renderer="ex_tvscreen" model="608950395" modelName="ex_prop_ex_tv_flat_01">
      <Key>tv_312537029</Key>
      <X>-3234.408</X>
      <Y>821.0096</Y>
      <Z>15.21014</Z>
      <Heading>211.9963</Heading>
      <Threshold>4</Threshold>
      <Description>Tv model ex_prop_ex_tv_flat_01</Description>
    </Position>
    <Position Key="tv_-825444665" renderer="ex_tvscreen" model="608950395" modelName="ex_prop_ex_tv_flat_01">
      <Key>tv_-825444665</Key>
      <X>3464.8</X>
      <Y>4891</Y>
      <Z>36.8</Z>
      <Heading>135</Heading>
      <Threshold>4</Threshold>
      <Description>Tv model ex_prop_ex_tv_flat_01</Description>
    </Position>
    <Position Key="tv_-793217742" renderer="ex_tvscreen" model="608950395" modelName="ex_prop_ex_tv_flat_01">
      <Key>tv_-793217742</Key>
      <X>3479.44</X>
      <Y>4901.76</Y>
      <Z>36.7946968</Z>
      <Heading>225</Heading>
      <Threshold>4</Threshold>
      <Description>Tv model ex_prop_ex_tv_flat_01</Description>
    </Position>
    <Position Key="tv_-911531273" renderer="ex_tvscreen" model="608950395" modelName="ex_prop_ex_tv_flat_01">
      <Key>tv_-911531273</Key>
      <X>3423.92</X>
      <Y>4943.9</Y>
      <Z>36.8</Z>
      <Heading>135</Heading>
      <Threshold>4</Threshold>
      <Description>Tv model ex_prop_ex_tv_flat_01</Description>
    </Position>
    <Position Key="tv_-824337551" renderer="ex_tvscreen" model="608950395" modelName="ex_prop_ex_tv_flat_01">
      <Key>tv_-824337551</Key>
      <X>3464.36</X>
      <Y>4915.04</Y>
      <Z>40.34</Z>
      <Heading>315</Heading>
      <Threshold>4</Threshold>
      <Description>Tv model ex_prop_ex_tv_flat_01</Description>
    </Position>
    <Position Key="tv_-809470866" renderer="ex_tvscreen" model="608950395" modelName="ex_prop_ex_tv_flat_01">
      <Key>tv_-809470866</Key>
      <X>3472</X>
      <Y>4898.92</Y>
      <Z>36.8</Z>
      <Heading>315</Heading>
      <Threshold>4</Threshold>
      <Description>Tv model ex_prop_ex_tv_flat_01</Description>
    </Position>
    <Position Key="tv_-837832235" renderer="ex_tvscreen" model="608950395" modelName="ex_prop_ex_tv_flat_01">
      <Key>tv_-837832235</Key>
      <X>3458.72</X>
      <Y>4907.7</Y>
      <Z>36.8</Z>
      <Heading>225</Heading>
      <Threshold>4</Threshold>
      <Description>Tv model ex_prop_ex_tv_flat_01</Description>
    </Position>
    <Position Key="tv_-830274060" renderer="ex_tvscreen" model="608950395" modelName="ex_prop_ex_tv_flat_01">
      <Key>tv_-830274060</Key>
      <X>3461.84</X>
      <Y>4925.3</Y>
      <Z>36.68</Z>
      <Heading>225</Heading>
      <Threshold>4</Threshold>
      <Description>Tv model ex_prop_ex_tv_flat_01</Description>
    </Position>
    <Position Key="tv_-832946426" renderer="ex_tvscreen" model="608950395" modelName="ex_prop_ex_tv_flat_01">
      <Key>tv_-832946426</Key>
      <X>3460.66</X>
      <Y>4923.3</Y>
      <Z>36.6</Z>
      <Heading>44.99999</Heading>
      <Threshold>4</Threshold>
      <Description>Tv model ex_prop_ex_tv_flat_01</Description>
    </Position>
    <Position Key="tv_-837441649" renderer="ex_tvscreen" model="608950395" modelName="ex_prop_ex_tv_flat_01">
      <Key>tv_-837441649</Key>
      <X>3459.14</X>
      <Y>4896.676</Y>
      <Z>36.8</Z>
      <Heading>135</Heading>
      <Threshold>4</Threshold>
      <Description>Tv model ex_prop_ex_tv_flat_01</Description>
    </Position>
    <Position Key="tv_-831378946" renderer="ex_tvscreen" model="608950395" modelName="ex_prop_ex_tv_flat_01">
      <Key>tv_-831378946</Key>
      <X>3462</X>
      <Y>4893.8</Y>
      <Z>36.8035774</Z>
      <Heading>135</Heading>
      <Threshold>4</Threshold>
      <Description>Tv model ex_prop_ex_tv_flat_01</Description>
    </Position>
    <Position Key="tv_-920368451" renderer="prop_x17_tv_ceil_scn_01" model="1503218008" modelName="xm_prop_x17_tv_ceiling_01">
      <Key>tv_-920368451</Key>
      <X>3419.525</X>
      <Y>4949</Y>
      <Z>38.5</Z>
      <Heading>159.999985</Heading>
      <Threshold>4</Threshold>
      <Description>Tv model xm_prop_x17_tv_ceiling_01</Description>
    </Position>
    <Position Key="tv_2075305656" renderer="prop_x17_tv_ceil_scn_01" model="1503218008" modelName="xm_prop_x17_tv_ceiling_01">
      <Key>tv_2075305656</Key>
      <X>749</X>
      <Y>3425.84</Y>
      <Z>65.8</Z>
      <Heading>288</Heading>
      <Threshold>4</Threshold>
      <Description>Tv model xm_prop_x17_tv_ceiling_01</Description>
    </Position>
    <Position Key="tv_-2005809368" renderer="prop_x17_tv_ceil_scn_01" model="1503218008" modelName="xm_prop_x17_tv_ceiling_01">
      <Key>tv_-2005809368</Key>
      <X>773.6</X>
      <Y>3426.8</Y>
      <Z>70</Z>
      <Heading>320.000031</Heading>
      <Threshold>4</Threshold>
      <Description>Tv model xm_prop_x17_tv_ceiling_01</Description>
    </Position>
  </Tvs>
  <closets>
    <Position Key="Closet_-2132867020">
      <Key>Closet_-2132867020</Key>
      <X>759.006</X>
      <Y>3424.30469</Y>
      <Z>67.44845</Z>
      <Heading>74.90138</Heading>
      <Threshold>2</Threshold>
      <Description>Master</Description>
    </Position>
    <Position Key="Closet_2142985964">
      <Key>Closet_2142985964</Key>
      <X>756.9017</X>
      <Y>3422.15552</Y>
      <Z>63.1549873</Z>
      <Heading>282.640381</Heading>
      <Threshold>2</Threshold>
      <Description>No description</Description>
    </Position>
  </closets>
  <Showers>
    <Position Key="Shower" offset="1.2">
      <Key>Shower</Key>
      <X>761.9166</X>
      <Y>3426.11646</Y>
      <Z>62.61783</Z>
      <Heading>167.784332</Heading>
      <Threshold>2</Threshold>
      <Description>No description</Description>
    </Position>
    <Position Key="Shower" offset="1.599999">
      <Key>Shower</Key>
      <X>743.2678</X>
      <Y>3413.86548</Y>
      <Z>67.44315</Z>
      <Heading>345.455322</Heading>
      <Threshold>2</Threshold>
      <Description>No description</Description>
    </Position>
    <Position Key="shower_-2105923947" offset="1">
      <Key>shower_-2105923947</Key>
      <X>762.2929</X>
      <Y>3429.6333</Y>
      <Z>57.91492</Z>
      <Heading>267.476379</Heading>
      <Threshold>2</Threshold>
      <Description>No description</Description>
    </Position>
  </Showers>
</Root>