﻿<?xml version="1.0" encoding="utf-8"?>
<Root>
  <Security>
    <Position>
      <Key>security-spot_219050240</Key>
      <X>1551.469</X>
      <Y>-2565.772</Y>
      <Z>57.02521</Z>
      <Heading>38.02596</Heading>
      <Threshold>2</Threshold>
      <Description></Description>
    </Position>
    <Position>
      <Key>security-spot_500487349</Key>
      <X>1615.589</X>
      <Y>-2612.374</Y>
      <Z>53.8913</Z>
      <Heading>34.67619</Heading>
      <Threshold>2</Threshold>
      <Description></Description>
    </Position>
  </Security>
  <closets>
    <Position>
      <Key>closet-spot_473177183</Key>
      <X>1608.697</X>
      <Y>-2631.188</Y>
      <Z>56.88286</Z>
      <Heading>0</Heading>
      <Threshold>2</Threshold>
      <Description></Description>
    </Position>
    <Position>
      <Key>closet-spot_492933660</Key>
      <X>1613.506</X>
      <Y>-2619.687</Y>
      <Z>56.88288</Z>
      <Heading>0</Heading>
      <Threshold>2</Threshold>
      <Description></Description>
    </Position>
  </closets>
  <Tvs>
    <Position Key="tv_-2046370924" renderer="tvscreen" model="1026865267" modelName="ch_prop_ch_arcade_big_screen">
      <Key>tv_-2046370924</Key>
      <X>769.2</X>
      <Y>3440</Y>
      <Z>53</Z>
      <Heading>0</Heading>
      <Threshold>4</Threshold>
      <Description>Tv model ch_prop_ch_arcade_big_screen</Description>
    </Position>
    <Position Key="tv_474889209" renderer="tvscreen" model="1036195894" modelName="prop_tv_flat_01">
      <Key>tv_474889209</Key>
      <X>1609.3</X>
      <Y>-2630.2</Y>
      <Z>53.8</Z>
      <Heading>120</Heading>
      <Threshold>4</Threshold>
      <Description>Tv model prop_tv_flat_01</Description>
    </Position>
    <Position Key="tv_-2072492878" renderer="tvscreen" model="1036195894" modelName="prop_tv_flat_01">
      <Key>tv_-2072492878</Key>
      <X>766.34</X>
      <Y>3409.7</Y>
      <Z>58.8</Z>
      <Heading>270.0023</Heading>
      <Threshold>4</Threshold>
      <Description>Tv model prop_tv_flat_01</Description>
    </Position>
    <Position Key="tv_-1957569365" renderer="tvscreen" model="1036195894" modelName="prop_tv_flat_01">
      <Key>tv_-1957569365</Key>
      <X>779.3</X>
      <Y>3417.24</Y>
      <Z>68</Z>
      <Heading>89.99364</Heading>
      <Threshold>4</Threshold>
      <Description>Tv model prop_tv_flat_01</Description>
    </Position>
    <Position Key="tv_-1964937713" renderer="tvscreen" model="1036195894" modelName="prop_tv_flat_01">
      <Key>tv_-1964937713</Key>
      <X>778.78</X>
      <Y>3421.2</Y>
      <Z>53.66</Z>
      <Heading>270.00415</Heading>
      <Threshold>4</Threshold>
      <Description>Tv model prop_tv_flat_01</Description>
    </Position>
    <Position Key="tv_-1866194539" renderer="tvscreen" model="1036195894" modelName="prop_tv_flat_01">
      <Key>tv_-1866194539</Key>
      <X>790</X>
      <Y>3422.8</Y>
      <Z>58.8</Z>
      <Heading>89.9998856</Heading>
      <Threshold>4</Threshold>
      <Description>Tv model prop_tv_flat_01</Description>
    </Position>
    <Position Key="tv_1979776901" renderer="tvscreen" model="1036195894" modelName="prop_tv_flat_01">
      <Key>tv_1979776901</Key>
      <X>738.14</X>
      <Y>3426.8</Y>
      <Z>59.2</Z>
      <Heading>89.9995346</Heading>
      <Threshold>4</Threshold>
      <Description>Tv model prop_tv_flat_01</Description>
    </Position>
    <Position Key="tv_-2118523238" renderer="tvscreen" model="1036195894" modelName="prop_tv_flat_01">
      <Key>tv_-2118523238</Key>
      <X>760.8</X>
      <Y>3430.78</Y>
      <Z>58.8</Z>
      <Heading>180.000015</Heading>
      <Threshold>4</Threshold>
      <Description>Tv model prop_tv_flat_01</Description>
    </Position>
    <Position Key="tv_-2137518860" renderer="tvscreen" model="1036195894" modelName="prop_tv_flat_01">
      <Key>tv_-2137518860</Key>
      <X>758.64</X>
      <Y>3427.3</Y>
      <Z>59.002182</Z>
      <Heading>270.003662</Heading>
      <Threshold>4</Threshold>
      <Description>Tv model prop_tv_flat_01</Description>
    </Position>
    <Position Key="tv_-1242730890" renderer="tvscreen" model="1194029334" modelName="prop_tv_flat_michael">
      <Key>tv_-1242730890</Key>
      <X>-652.776855</X>
      <Y>945.3438</Y>
      <Z>244.809326</Z>
      <Heading>85.00002</Heading>
      <Threshold>4</Threshold>
      <Description>Tv model prop_tv_flat_michael</Description>
    </Position>
    <Position Key="tv_-2059783782" renderer="tvscreen" model="1194029334" modelName="prop_tv_flat_michael">
      <Key>tv_-2059783782</Key>
      <X>767.78</X>
      <Y>3426.26</Y>
      <Z>53.72</Z>
      <Heading>0</Heading>
      <Threshold>4</Threshold>
      <Description>Tv model prop_tv_flat_michael</Description>
    </Position>
    <Position Key="tv_-2030315837" renderer="tvscreen" model="1194029334" modelName="prop_tv_flat_michael">
      <Key>tv_-2030315837</Key>
      <X>771.18</X>
      <Y>3426.26</Y>
      <Z>53.72</Z>
      <Heading>0</Heading>
      <Threshold>4</Threshold>
      <Description>Tv model prop_tv_flat_michael</Description>
    </Position>
    <Position Key="tv_454964030" renderer="tvscreen" model="-1524180747" modelName="prop_monitor_w_large">
      <Key>tv_454964030</Key>
      <X>1604.62</X>
      <Y>-2625.68</Y>
      <Z>56.7829933</Z>
      <Heading>120</Heading>
      <Threshold>4</Threshold>
      <Description>Tv model prop_monitor_w_large</Description>
    </Position>
    <Position Key="tv_2092285538" renderer="tvscreen" model="-676527372" modelName="hei_prop_hst_laptop">
      <Key>tv_2092285538</Key>
      <X>751</X>
      <Y>3429.8</Y>
      <Z>62.125</Z>
      <Heading>158.000824</Heading>
      <Threshold>4</Threshold>
      <Description>Tv model hei_prop_hst_laptop</Description>
    </Position>
    <Position Key="tv_-2004694138" renderer="tvscreen" model="777010715" modelName="hei_heist_str_avunitl_03">
      <Key>tv_-2004694138</Key>
      <X>774</X>
      <Y>3430</Y>
      <Z>56.8784752</Z>
      <Heading>0</Heading>
      <Threshold>4</Threshold>
      <Description>Tv model hei_heist_str_avunitl_03</Description>
    </Position>
    <Position Key="tv_-1886990519" renderer="prop_ex_computer_screen" model="743064848" modelName="ex_prop_monitor_01_ex">
      <Key>tv_-1886990519</Key>
      <X>787.34</X>
      <Y>3427.28</Y>
      <Z>67.61</Z>
      <Heading>0</Heading>
      <Threshold>4</Threshold>
      <Description>Tv model ex_prop_monitor_01_ex</Description>
    </Position>
    <Position Key="tv_312537029" renderer="ex_tvscreen" model="608950395" modelName="ex_prop_ex_tv_flat_01">
      <Key>tv_312537029</Key>
      <X>-3234.408</X>
      <Y>821.0096</Y>
      <Z>15.21014</Z>
      <Heading>211.9963</Heading>
      <Threshold>4</Threshold>
      <Description>Tv model ex_prop_ex_tv_flat_01</Description>
    </Position>
    <Position Key="tv_-2005809368" renderer="prop_x17_tv_ceil_scn_01" model="1503218008" modelName="xm_prop_x17_tv_ceiling_01">
      <Key>tv_-2005809368</Key>
      <X>773.6</X>
      <Y>3426.8</Y>
      <Z>70</Z>
      <Heading>320.000031</Heading>
      <Threshold>4</Threshold>
      <Description>Tv model xm_prop_x17_tv_ceiling_01</Description>
    </Position>
    <Position Key="tv_2075305656" renderer="prop_x17_tv_ceil_scn_01" model="1503218008" modelName="xm_prop_x17_tv_ceiling_01">
      <Key>tv_2075305656</Key>
      <X>749</X>
      <Y>3425.84</Y>
      <Z>65.8</Z>
      <Heading>288</Heading>
      <Threshold>4</Threshold>
      <Description>Tv model xm_prop_x17_tv_ceiling_01</Description>
    </Position>
  </Tvs>
</Root>