﻿<?xml version="1.0" encoding="utf-8"?>
<Root>
  <Security>
    <Position>
      <Key>security-spot_-829617885</Key>
      <X>-2601.88184</X>
      <Y>1687.1283</Y>
      <Z>142.667526</Z>
      <Heading>181.037125</Heading>
      <Threshold>2</Threshold>
      <Description></Description>
    </Position>
    <Position>
      <Key>security-spot_-789302961</Key>
      <X>-2619.2168</X>
      <Y>1701.84656</Y>
      <Z>142.3723</Z>
      <Heading>115.116875</Heading>
      <Threshold>2</Threshold>
      <Description></Description>
    </Position>
    <Position>
      <Key>security-spot_-782672897</Key>
      <X>-2621.72925</X>
      <Y>1708.14185</Y>
      <Z>142.372177</Z>
      <Heading>112.694061</Heading>
      <Threshold>2</Threshold>
      <Description></Description>
    </Position>
  </Security>
  <closets>
    <Position>
      <Key>closet-spot_-820687578</Key>
      <X>-2605.937</X>
      <Y>1687.88892</Y>
      <Z>142.672165</Z>
      <Heading>0</Heading>
      <Threshold>2</Threshold>
      <Description></Description>
    </Position>
    <Position>
      <Key>closet-spot_-793874612</Key>
      <X>-2617.74438</X>
      <Y>1692.98352</Y>
      <Z>146.7773</Z>
      <Heading>0</Heading>
      <Threshold>2</Threshold>
      <Description></Description>
    </Position>
    <Position>
      <Key>closet-spot_-787524119</Key>
      <X>-2619.08643</X>
      <Y>1711.41284</Y>
      <Z>146.3226</Z>
      <Heading>0</Heading>
      <Threshold>2</Threshold>
      <Description></Description>
    </Position>
  </closets>
</Root>