﻿<?xml version="1.0" encoding="utf-8"?>
<Root>
  <Security>
    <Position>
      <Key>security-spot_249773641</Key>
      <X>-301.8432</X>
      <Y>-735.9328</Y>
      <Z>125.4735</Z>
      <Heading>248.3174</Heading>
      <Threshold>2</Threshold>
      <Description></Description>
    </Position>
    <Position>
      <Key>security-spot_72857303</Key>
      <X>-291.9063</X>
      <Y>-722.2424</Y>
      <Z>130.4452</Z>
      <Heading>79.73788</Heading>
      <Threshold>2</Threshold>
      <Description></Description>
    </Position>
    <Position>
      <Key>security-spot_142989648</Key>
      <X>-296.8249</X>
      <Y>-725.3599</Y>
      <Z>34.42244</Z>
      <Heading>54.87978</Heading>
      <Threshold>2</Threshold>
      <Description></Description>
    </Position>
    <Position>
      <Key>security-spot_118935926</Key>
      <X>-295.5098</X>
      <Y>-722.0228</Y>
      <Z>34.42244</Z>
      <Heading>108.2696</Heading>
      <Threshold>2</Threshold>
      <Description></Description>
    </Position>
  </Security>
  <closets>
    <Position>
      <Key>closet-spot_-122942196</Key>
      <X>-280.638062</X>
      <Y>-722.2953</Y>
      <Z>125.464836</Z>
      <Heading>0</Heading>
      <Threshold>2</Threshold>
      <Description></Description>
    </Position>
    <Position>
      <Key>closet-spot_-324555571</Key>
      <X>-268.786957</X>
      <Y>-732.421265</Y>
      <Z>125.473274</Z>
      <Heading>0</Heading>
      <Threshold>2</Threshold>
      <Description></Description>
    </Position>
    <Position>
      <Key>closet-spot_-273624072</Key>
      <X>-271.753326</X>
      <Y>-731.1253</Y>
      <Z>125.473274</Z>
      <Heading>0</Heading>
      <Threshold>2</Threshold>
      <Description></Description>
    </Position>
    <Position>
      <Key>closet-spot_-381110900</Key>
      <X>-265.497559</X>
      <Y>-733.6526</Y>
      <Z>125.473213</Z>
      <Heading>0</Heading>
      <Threshold>2</Threshold>
      <Description></Description>
    </Position>
  </closets>
  <PointOfInterest>
    <Position Key="Poi_-110639446" actions="sit,smoke,drink-whiskey">
      <Key>Poi_-110639446</Key>
      <X>-281.23822</X>
      <Y>-727.3267</Y>
      <Z>125.491013</Z>
      <Heading>94.4040451</Heading>
      <Threshold>2</Threshold>
      <Description>No description</Description>
    </Position>
    <Position Key="Poi_-106874024" actions="sit,smoke,drink-whiskey">
      <Key>Poi_-106874024</Key>
      <X>-281.431366</X>
      <Y>-728.4343</Y>
      <Z>125.491013</Z>
      <Heading>16.8701477</Heading>
      <Threshold>2</Threshold>
      <Description>No description</Description>
    </Position>
    <Position Key="Poi_-69289522" actions="sit,smoke,drink-whiskey">
      <Key>Poi_-69289522</Key>
      <X>-283.6338</X>
      <Y>-726.860962</Y>
      <Z>125.490974</Z>
      <Heading>177.241577</Heading>
      <Threshold>2</Threshold>
      <Description>No description</Description>
    </Position>
    <Position Key="Poi_-66028367" actions="sit,smoke,drink-whiskey">
      <Key>Poi_-66028367</Key>
      <X>-283.797821</X>
      <Y>-727.975769</Y>
      <Z>125.473312</Z>
      <Heading>283.761475</Heading>
      <Threshold>2</Threshold>
      <Description>No description</Description>
    </Position>
    <Position Key="Poi_-182211737" actions="sit,smoke,drink-whiskey">
      <Key>Poi_-182211737</Key>
      <X>-276.892853</X>
      <Y>-737.288147</Y>
      <Z>125.473511</Z>
      <Heading>76.00494</Heading>
      <Threshold>2</Threshold>
      <Description>No description</Description>
    </Position>
    <Position Key="Poi_-174714772" actions="sit,smoke,drink-whiskey">
      <Key>Poi_-174714772</Key>
      <X>-277.3018</X>
      <Y>-738.3718</Y>
      <Z>125.473511</Z>
      <Heading>62.85222</Heading>
      <Threshold>2</Threshold>
      <Description>No description</Description>
    </Position>
    <Position Key="Poi_-167217140" actions="sit,smoke,drink-whiskey">
      <Key>Poi_-167217140</Key>
      <X>-277.715942</X>
      <Y>-739.2172</Y>
      <Z>125.473511</Z>
      <Heading>47.3076172</Heading>
      <Threshold>2</Threshold>
      <Description>No description</Description>
    </Position>
    <Position Key="Poi_-148204912" actions="sit,smoke,drink-whiskey">
      <Key>Poi_-148204912</Key>
      <X>-278.8189</X>
      <Y>-738.933533</Y>
      <Z>125.473618</Z>
      <Heading>350.2127</Heading>
      <Threshold>2</Threshold>
      <Description>No description</Description>
    </Position>
    <Position Key="Poi_-134349049" actions="sit,smoke,drink-whiskey">
      <Key>Poi_-134349049</Key>
      <X>-279.627472</X>
      <Y>-738.509</Y>
      <Z>125.473587</Z>
      <Heading>346.0669</Heading>
      <Threshold>2</Threshold>
      <Description>No description</Description>
    </Position>
    <Position Key="Poi_-19709518" actions="sit,smoke,drink-whiskey">
      <Key>Poi_-19709518</Key>
      <X>-286.161957</X>
      <Y>-742.287354</Y>
      <Z>125.055328</Z>
      <Heading>260.745178</Heading>
      <Threshold>2</Threshold>
      <Description>No description</Description>
    </Position>
    <Position Key="Poi_68528154" actions="sit,smoke,drink-whiskey">
      <Key>Poi_68528154</Key>
      <X>-291.313019</X>
      <Y>-739.349548</Y>
      <Z>125.473579</Z>
      <Heading>335.0814</Heading>
      <Threshold>2</Threshold>
      <Description>No description</Description>
    </Position>
    <Position Key="Poi_44772121" actions="sit,smoke,drink-whiskey">
      <Key>Poi_44772121</Key>
      <X>-289.930878</X>
      <Y>-739.8866</Y>
      <Z>125.473579</Z>
      <Heading>352.020172</Heading>
      <Threshold>2</Threshold>
      <Description>No description</Description>
    </Position>
    <Position Key="Poi_81700384" actions="sit,smoke,drink-whiskey">
      <Key>Poi_81700384</Key>
      <X>-292.609619</X>
      <Y>-714.7445</Y>
      <Z>125.233818</Z>
      <Heading>162.555115</Heading>
      <Threshold>2</Threshold>
      <Description>No description</Description>
    </Position>
    <Position Key="Poi_70373735" actions="sit,smoke,drink-whiskey">
      <Key>Poi_70373735</Key>
      <X>-291.9506</X>
      <Y>-715.0022</Y>
      <Z>125.233818</Z>
      <Heading>155.365631</Heading>
      <Threshold>2</Threshold>
      <Description>No description</Description>
    </Position>
    <Position Key="Poi_109878054" actions="sit,smoke,drink-whiskey">
      <Key>Poi_109878054</Key>
      <X>-294.206421</X>
      <Y>-716.0614</Y>
      <Z>125.249275</Z>
      <Heading>252.522583</Heading>
      <Threshold>2</Threshold>
      <Description>No description</Description>
    </Position>
    <Position Key="Poi_106250333" actions="sit,smoke,drink-whiskey">
      <Key>Poi_106250333</Key>
      <X>-294.013031</X>
      <Y>-715.3358</Y>
      <Z>125.233833</Z>
      <Heading>252.218658</Heading>
      <Threshold>2</Threshold>
      <Description>No description</Description>
    </Position>
    <Position Key="Poi_132330359" actions="sit,smoke,drink-whiskey">
      <Key>Poi_132330359</Key>
      <X>-295.4299</X>
      <Y>-719.368164</Y>
      <Z>125.234566</Z>
      <Heading>248.440445</Heading>
      <Threshold>2</Threshold>
      <Description>No description</Description>
    </Position>
    <Position Key="Poi_125695315" actions="sit,smoke,drink-whiskey">
      <Key>Poi_125695315</Key>
      <X>-295.0666</X>
      <Y>-718.473267</Y>
      <Z>125.234009</Z>
      <Heading>240.917755</Heading>
      <Threshold>2</Threshold>
      <Description>No description</Description>
    </Position>
    <Position Key="Poi_74837715" actions="sit,smoke,drink-whiskey">
      <Key>Poi_74837715</Key>
      <X>-291.803528</X>
      <Y>-733.689453</Y>
      <Z>125.014664</Z>
      <Heading>343.9925</Heading>
      <Threshold>2</Threshold>
      <Description>No description</Description>
    </Position>
    <Position Key="Poi_86816621" actions="sit,smoke,drink-whiskey">
      <Key>Poi_86816621</Key>
      <X>-292.5023</X>
      <Y>-733.3349</Y>
      <Z>125.014664</Z>
      <Heading>342.348846</Heading>
      <Threshold>2</Threshold>
      <Description>No description</Description>
    </Position>
    <Position Key="Poi_120689230" actions="sit,smoke,drink-whiskey">
      <Key>Poi_120689230</Key>
      <X>-294.469543</X>
      <Y>-732.729</Y>
      <Z>125.014687</Z>
      <Heading>340.410217</Heading>
      <Threshold>2</Threshold>
      <Description>No description</Description>
    </Position>
    <Position Key="Poi_134289688" actions="sit,smoke,drink-whiskey">
      <Key>Poi_134289688</Key>
      <X>-295.264679</X>
      <Y>-732.2441</Y>
      <Z>125.015434</Z>
      <Heading>258.047</Heading>
      <Threshold>2</Threshold>
      <Description>No description</Description>
    </Position>
    <Position Key="Poi_128957093" actions="sit,smoke,drink-whiskey">
      <Key>Poi_128957093</Key>
      <X>-294.9739</X>
      <Y>-731.4687</Y>
      <Z>125.01474</Z>
      <Heading>251.629547</Heading>
      <Threshold>2</Threshold>
      <Description>No description</Description>
    </Position>
    <Position Key="Poi_121844734" actions="sit,smoke,drink-whiskey">
      <Key>Poi_121844734</Key>
      <X>-294.584381</X>
      <Y>-730.5128</Y>
      <Z>125.01474</Z>
      <Heading>239.379715</Heading>
      <Threshold>2</Threshold>
      <Description>No description</Description>
    </Position>
    <Position Key="Poi_121308662" actions="sit,smoke,drink-whiskey">
      <Key>Poi_121308662</Key>
      <X>-294.5875</X>
      <Y>-728.947632</Y>
      <Z>125.013077</Z>
      <Heading>244.723511</Heading>
      <Threshold>2</Threshold>
      <Description>No description</Description>
    </Position>
    <Position Key="Poi_61557698" actions="sit,smoke,drink-whiskey">
      <Key>Poi_61557698</Key>
      <X>-291.0493</X>
      <Y>-733.1432</Y>
      <Z>125.015182</Z>
      <Heading>344.60498</Heading>
      <Threshold>2</Threshold>
      <Description>No description</Description>
    </Position>
    <Position Key="Poi_68950439" actions="sit,smoke,drink-whiskey">
      <Key>Poi_68950439</Key>
      <X>-291.522949</X>
      <Y>-730.972961</Y>
      <Z>125.014748</Z>
      <Heading>99.00907</Heading>
      <Threshold>2</Threshold>
      <Description>No description</Description>
    </Position>
    <Position Key="Poi_831013" actions="sit,smoke,drink-whiskey">
      <Key>Poi_831013</Key>
      <X>-287.4863</X>
      <Y>-735.7246</Y>
      <Z>125.490959</Z>
      <Heading>16.9978924</Heading>
      <Threshold>2</Threshold>
      <Description>No description</Description>
    </Position>
    <Position Key="Poi_-5047876" actions="sit,smoke,drink-whiskey">
      <Key>Poi_-5047876</Key>
      <X>-287.167023</X>
      <Y>-734.8104</Y>
      <Z>125.490982</Z>
      <Heading>19.3160515</Heading>
      <Threshold>2</Threshold>
      <Description>No description</Description>
    </Position>
    <Position Key="Poi_-41857217" actions="sit,smoke,drink-whiskey">
      <Key>Poi_-41857217</Key>
      <X>-285.095673</X>
      <Y>-732.417664</Y>
      <Z>125.473236</Z>
      <Heading>66.5219955</Heading>
      <Threshold>2</Threshold>
      <Description>No description</Description>
    </Position>
    <Position Key="Poi_-48221386" actions="sit,smoke,drink-whiskey">
      <Key>Poi_-48221386</Key>
      <X>-284.748</X>
      <Y>-731.522644</Y>
      <Z>125.473236</Z>
      <Heading>82.31394</Heading>
      <Threshold>2</Threshold>
      <Description>No description</Description>
    </Position>
    <Position Key="Poi_-53146520" actions="sit,smoke,drink-whiskey">
      <Key>Poi_-53146520</Key>
      <X>-284.724518</X>
      <Y>-719.529053</Y>
      <Z>125.482666</Z>
      <Heading>156.511078</Heading>
      <Threshold>2</Threshold>
      <Description>No description</Description>
    </Position>
    <Position Key="Poi_-204630181" actions="sit,smoke,drink-whiskey">
      <Key>Poi_-204630181</Key>
      <X>-275.925781</X>
      <Y>-722.284546</Y>
      <Z>125.46492</Z>
      <Heading>148.366623</Heading>
      <Threshold>2</Threshold>
      <Description>No description</Description>
    </Position>
    <Position Key="Poi_-176953338" actions="bbq">
      <Key>Poi_-176953338</Key>
      <X>-277.250275</X>
      <Y>-734.800964</Y>
      <Z>125.473518</Z>
      <Heading>343.342438</Heading>
      <Threshold>2</Threshold>
      <Description>No description</Description>
    </Position>
    <Position Key="Poi_-210503729" actions="sit,smoke,drink-whiskey">
      <Key>Poi_-210503729</Key>
      <X>-275.055542</X>
      <Y>-747.0059</Y>
      <Z>124.668495</Z>
      <Heading>151.868713</Heading>
      <Threshold>2</Threshold>
      <Description>No description</Description>
    </Position>
    <Position Key="Poi_-225803728" actions="sit,smoke,drink-whiskey">
      <Key>Poi_-225803728</Key>
      <X>-274.166748</X>
      <Y>-747.288452</Y>
      <Z>124.669487</Z>
      <Heading>155.997025</Heading>
      <Threshold>2</Threshold>
      <Description>No description</Description>
    </Position>
    <Position Key="Poi_-241725964" actions="sit,smoke,drink-whiskey">
      <Key>Poi_-241725964</Key>
      <X>-273.240417</X>
      <Y>-747.647034</Y>
      <Z>124.668762</Z>
      <Heading>155.603</Heading>
      <Threshold>2</Threshold>
      <Description>No description</Description>
    </Position>
    <Position Key="Poi_-256044404" actions="sit,smoke,drink-whiskey">
      <Key>Poi_-256044404</Key>
      <X>-272.4077</X>
      <Y>-747.9545</Y>
      <Z>124.66861</Z>
      <Heading>155.592133</Heading>
      <Threshold>2</Threshold>
      <Description>No description</Description>
    </Position>
    <Position Key="Poi_-271850399" actions="sit,smoke,drink-whiskey">
      <Key>Poi_-271850399</Key>
      <X>-271.489136</X>
      <Y>-748.264832</Y>
      <Z>124.6684</Z>
      <Heading>158.000443</Heading>
      <Threshold>2</Threshold>
      <Description>No description</Description>
    </Position>
    <Position Key="Poi_-208340326" actions="sit,smoke,drink-whiskey">
      <Key>Poi_-208340326</Key>
      <X>-275.5412</X>
      <Y>-730.1268</Y>
      <Z>125.473404</Z>
      <Heading>254.284775</Heading>
      <Threshold>2</Threshold>
      <Description>No description</Description>
    </Position>
    <Position Key="Poi_-319254618" actions="sleep">
      <Key>Poi_-319254618</Key>
      <X>-269.20105</X>
      <Y>-727.4341</Y>
      <Z>125.490685</Z>
      <Heading>23.00286</Heading>
      <Threshold>2</Threshold>
      <Description>No description</Description>
    </Position>
    <Position Key="Poi_-341908755" actions="sleep-right">
      <Key>Poi_-341908755</Key>
      <X>-267.9737</X>
      <Y>-723.775</Y>
      <Z>125.490952</Z>
      <Heading>124.048607</Heading>
      <Threshold>2</Threshold>
      <Description>No description</Description>
    </Position>
    <Position Key="Poi_-270131780" actions="sleep">
      <Key>Poi_-270131780</Key>
      <X>-272.160065</X>
      <Y>-721.6767</Y>
      <Z>125.490959</Z>
      <Heading>199.161133</Heading>
      <Threshold>2</Threshold>
      <Description>No description</Description>
    </Position>
    <Position Key="Poi_-246682539" actions="sleep-right">
      <Key>Poi_-246682539</Key>
      <X>-273.438232</X>
      <Y>-725.11084</Y>
      <Z>125.483627</Z>
      <Heading>307.511475</Heading>
      <Threshold>2</Threshold>
      <Description>No description</Description>
    </Position>
  </PointOfInterest>
</Root>