﻿<?xml version="1.0" encoding="utf-8"?>
<Root>
  <Tv>
    <Position Key="tv_245335514" renderer="tvscreen" model="-240931727" modelName="vw_prop_vw_cinema_tv_01">
      <Key>tv_245335514</Key>
      <X>-3211.638</X>
      <Y>773.5625</Y>
      <Z>15.2251873</Z>
      <Heading>212.508911</Heading>
      <Threshold>4</Threshold>
      <Description>Tv model vw_prop_vw_cinema_tv_01</Description>
    </Position>
    <Position Key="tv_282508149" renderer="tvscreen" model="-698352776" modelName="prop_tv_flat_03b">
      <Key>tv_282508149</Key>
      <X>-3226.42651</X>
      <Y>803.198242</Y>
      <Z>9.466228</Z>
      <Heading>32.5089455</Heading>
      <Threshold>4</Threshold>
      <Description>Tv model prop_tv_flat_03b</Description>
    </Position>
    <Position Key="tv_233252648" renderer="tvscreen" model="-698352776" modelName="prop_tv_flat_03b">
      <Key>tv_233252648</Key>
      <X>-3208.10547</X>
      <Y>778.0551</Y>
      <Z>9.387054</Z>
      <Heading>122.5089</Heading>
      <Threshold>4</Threshold>
      <Description>Tv model prop_tv_flat_03b</Description>
    </Position>
    <Position Key="tv_267487127" renderer="tvscreen" model="-698352776" modelName="prop_tv_flat_03b">
      <Key>tv_267487127</Key>
      <X>-3217.555</X>
      <Y>813.555359</Y>
      <Z>9.751268</Z>
      <Heading>212.5089</Heading>
      <Threshold>4</Threshold>
      <Description>Tv model prop_tv_flat_03b</Description>
    </Position>
    <Position Key="tv_306126563" renderer="tvscreen" model="-698352776" modelName="prop_tv_flat_03b">
      <Key>tv_306126563</Key>
      <X>-3236.84985</X>
      <Y>806.1604</Y>
      <Z>9.387122</Z>
      <Heading>212.5089</Heading>
      <Threshold>4</Threshold>
      <Description>Tv model prop_tv_flat_03b</Description>
    </Position>
    <Position Key="tv_240110485" renderer="tvscreen" model="-698352776" modelName="prop_tv_flat_03b">
      <Key>tv_240110485</Key>
      <X>-3208.6377</X>
      <Y>792.2104</Y>
      <Z>9.74035</Z>
      <Heading>122.5089</Heading>
      <Threshold>4</Threshold>
      <Description>Tv model prop_tv_flat_03b</Description>
    </Position>
    <Position Key="tv_220995879" renderer="tvscreen" model="-698352776" modelName="prop_tv_flat_03b">
      <Key>tv_220995879</Key>
      <X>-3199.40942</X>
      <Y>781.5932</Y>
      <Z>14.3961506</Z>
      <Heading>212.508911</Heading>
      <Threshold>4</Threshold>
      <Description>Tv model prop_tv_flat_03b</Description>
    </Position>
    <Position Key="tv_242401860" renderer="tvscreen" model="-698352776" modelName="prop_tv_flat_03b">
      <Key>tv_242401860</Key>
      <X>-3209.46851</X>
      <Y>793.513855</Y>
      <Z>9.74035</Z>
      <Heading>122.5089</Heading>
      <Threshold>4</Threshold>
      <Description>Tv model prop_tv_flat_03b</Description>
    </Position>
    <Position Key="tv_239240489" renderer="tvscreen" model="-698352776" modelName="prop_tv_flat_03b">
      <Key>tv_239240489</Key>
      <X>-3208.571</X>
      <Y>776.724</Y>
      <Z>14.6138048</Z>
      <Heading>122.5089</Heading>
      <Threshold>4</Threshold>
      <Description>Tv model prop_tv_flat_03b</Description>
    </Position>
    <Position Key="tv_308371813" renderer="prop_ex_computer_screen" model="743064848" modelName="ex_prop_monitor_01_ex">
      <Key>tv_308371813</Key>
      <X>-3234.54077</X>
      <Y>812.932556</Y>
      <Z>13.8661175</Z>
      <Heading>97.5089</Heading>
      <Threshold>4</Threshold>
      <Description>Tv model ex_prop_monitor_01_ex</Description>
    </Position>
    <Position Key="tv_274584078" renderer="ex_tvscreen" model="608950395" modelName="ex_prop_ex_tv_flat_01">
      <Key>tv_274584078</Key>
      <X>-3218.66162</X>
      <Y>813.3897</Y>
      <Z>14.2921085</Z>
      <Heading>302.5089</Heading>
      <Threshold>4</Threshold>
      <Description>Tv model ex_prop_ex_tv_flat_01</Description>
    </Position>
    <Position Key="tv_264156211" renderer="ex_tvscreen" model="608950395" modelName="ex_prop_ex_tv_flat_01">
      <Key>tv_264156211</Key>
      <X>-3217.072</X>
      <Y>805.5269</Y>
      <Z>10.4577694</Z>
      <Heading>32.5089455</Heading>
      <Threshold>4</Threshold>
      <Description>Tv model ex_prop_ex_tv_flat_01</Description>
    </Position>
    <Position Key="tv_249168262" renderer="ex_tvscreen" model="608950395" modelName="ex_prop_ex_tv_flat_01">
      <Key>tv_249168262</Key>
      <X>-3203.40967</X>
      <Y>846.8744</Y>
      <Z>9.536872</Z>
      <Heading>345.722137</Heading>
      <Threshold>4</Threshold>
      <Description>Tv model ex_prop_ex_tv_flat_01</Description>
    </Position>
    <Position Key="tv_312537029" renderer="ex_tvscreen" model="608950395" modelName="ex_prop_ex_tv_flat_01">
      <Key>tv_312537029</Key>
      <X>-3234.408</X>
      <Y>821.0096</Y>
      <Z>15.21014</Z>
      <Heading>211.9963</Heading>
      <Threshold>4</Threshold>
      <Description>Tv model ex_prop_ex_tv_flat_01</Description>
    </Position>
    <Position Key="tv_313472250" renderer="ex_tvscreen" model="608950395" modelName="ex_prop_ex_tv_flat_01">
      <Key>tv_313472250</Key>
      <X>-3235.436</X>
      <Y>818.027954</Y>
      <Z>15.0491362</Z>
      <Heading>302.5089</Heading>
      <Threshold>4</Threshold>
      <Description>Tv model ex_prop_ex_tv_flat_01</Description>
    </Position>
    <Position Key="tv_293540279" renderer="prop_x17_tv_ceil_scn_01" model="1503218008" modelName="xm_prop_x17_tv_ceiling_01">
      <Key>tv_293540279</Key>
      <X>-3227.907</X>
      <Y>804.837158</Y>
      <Z>16.6781025</Z>
      <Heading>302.5089</Heading>
      <Threshold>4</Threshold>
      <Description>Tv model xm_prop_x17_tv_ceiling_01</Description>
    </Position>
  </Tv>
</Root>