﻿<?xml version="1.0" encoding="utf-8"?>
<Root>
  <Security>
    <Position>
      <Key>security-spot_1563115523</Key>
      <X>186.0432</X>
      <Y>1675.414</Y>
      <Z>230.4273</Z>
      <Heading>186.5674</Heading>
      <Threshold>2</Threshold>
      <Description></Description>
    </Position>
    <Position>
      <Key>security-spot_1197883552</Key>
      <X>175.5198</X>
      <Y>1673.455</Y>
      <Z>229.936</Z>
      <Heading>248.0057</Heading>
      <Threshold>2</Threshold>
      <Description></Description>
    </Position>
    <Position>
      <Key>security-spot_1315055255</Key>
      <X>178.76</X>
      <Y>1700.024</Y>
      <Z>227.3884</Z>
      <Heading>96.33577</Heading>
      <Threshold>2</Threshold>
      <Description></Description>
    </Position>
    <Position>
      <Key>security-spot_1259849633</Key>
      <X>177.0509</X>
      <Y>1721.497</Y>
      <Z>227.3921</Z>
      <Heading>359.4427</Heading>
      <Threshold>2</Threshold>
      <Description></Description>
    </Position>
  </Security>
  <closets>
    <Position>
      <Key>closet-spot_1382610860</Key>
      <X>180.620331</X>
      <Y>1714.98425</Y>
      <Z>231.07663</Z>
      <Heading>0</Heading>
      <Threshold>2</Threshold>
      <Description></Description>
    </Position>
  </closets>
  <Showers>
    <Position Key="Shower" offset="1.6">
      <Key>Shower</Key>
      <X>177.697723</X>
      <Y>1714.955</Y>
      <Z>227.390381</Z>
      <Heading>268.23468</Heading>
      <Threshold>2</Threshold>
      <Description>Shower level 0</Description>
    </Position>
    <Position Key="Shower" offset="2.3">
      <Key>Shower</Key>
      <X>189.626968</X>
      <Y>1708.32593</Y>
      <Z>231.074768</Z>
      <Heading>173.207275</Heading>
      <Threshold>2</Threshold>
      <Description>lv 1 shower</Description>
    </Position>
  </Showers>
  <PointOfInterest>
    <Position Key="Poi_1677083170" actions="sit,smoke,drink-whiskey">
      <Key>Poi_1677083170</Key>
      <X>189.104034</X>
      <Y>1718.2533</Y>
      <Z>227.089783</Z>
      <Heading>103.797386</Heading>
      <Threshold>2</Threshold>
      <Description>Chair TV</Description>
    </Position>
    <Position Key="Poi_1630738674" actions="sit,lie-dpwn,smoke,drink-whiskey">
      <Key>Poi_1630738674</Key>
      <X>187.786865</X>
      <Y>1714.6355</Y>
      <Z>227.112564</Z>
      <Heading>344.049042</Heading>
      <Threshold>2</Threshold>
      <Description>couch TV</Description>
    </Position>
    <Position Key="Poi_1578584598" actions="sit,smoke,drink-whiskey">
      <Key>Poi_1578584598</Key>
      <X>186.280472</X>
      <Y>1715.00635</Y>
      <Z>227.120453</Z>
      <Heading>293.93576</Heading>
      <Threshold>2</Threshold>
      <Description>chair 2</Description>
    </Position>
    <Position Key="Poi_1500731604" actions="sit,smoke,drink-whiskey">
      <Key>Poi_1500731604</Key>
      <X>184.021515</X>
      <Y>1717.46765</Y>
      <Z>227.09</Z>
      <Heading>302.101776</Heading>
      <Threshold>2</Threshold>
      <Description>Couch TV</Description>
    </Position>
    <Position Key="Poi_1055687133" actions="sit,smoke,drink-whiskey">
      <Key>Poi_1055687133</Key>
      <X>171.208313</X>
      <Y>1714.09167</Y>
      <Z>224.14003</Z>
      <Heading>249.442017</Heading>
      <Threshold>2</Threshold>
      <Description>Couch man cave</Description>
    </Position>
    <Position Key="Poi_1053464597" actions="sit,smoke,drink-whiskey">
      <Key>Poi_1053464597</Key>
      <X>171.152252</X>
      <Y>1712.611</Y>
      <Z>224.14003</Z>
      <Heading>281.516022</Heading>
      <Threshold>2</Threshold>
      <Description>couch man cave</Description>
    </Position>
    <Position Key="Poi_1108992406" actions="sit,smoke,drink-whiskey">
      <Key>Poi_1108992406</Key>
      <X>172.753128</X>
      <Y>1712.75818</Y>
      <Z>224.140579</Z>
      <Heading>62.50639</Heading>
      <Threshold>2</Threshold>
      <Description>chair man cave</Description>
    </Position>
    <Position Key="Poi_1227811501" actions="sit,smoke,drink-whiskey">
      <Key>Poi_1227811501</Key>
      <X>176.161057</X>
      <Y>1716.32056</Y>
      <Z>224.140091</Z>
      <Heading>183.851883</Heading>
      <Threshold>2</Threshold>
      <Description>Chair</Description>
    </Position>
    <Position Key="Poi_947998812" actions="sit">
      <Key>Poi_947998812</Key>
      <X>168.03656</X>
      <Y>1724.9917</Y>
      <Z>227.466385</Z>
      <Heading>343.7721</Heading>
      <Threshold>2</Threshold>
      <Description>Jacuzzi</Description>
    </Position>
    <Position Key="Poi_834504676" actions="bbq">
      <Key>Poi_834504676</Key>
      <X>164.720383</X>
      <Y>1732.86877</Y>
      <Z>227.29454</Z>
      <Heading>181.3843</Heading>
      <Threshold>2</Threshold>
      <Description>BBQ</Description>
    </Position>
    <Position Key="Poi_2116003915" actions="sit,smoke,drink-whiskey">
      <Key>Poi_2116003915</Key>
      <X>201.701172</X>
      <Y>1729.86951</Y>
      <Z>227.206528</Z>
      <Heading>194.300064</Heading>
      <Threshold>2</Threshold>
      <Description>chair outdoor terrasse</Description>
    </Position>
    <Position Key="Poi_1058391769" actions="sit,smoke,drink-whiskey">
      <Key>Poi_1058391769</Key>
      <X>171.255829</X>
      <Y>1717.291</Y>
      <Z>231.0755</Z>
      <Heading>263.1558</Heading>
      <Threshold>2</Threshold>
      <Description>couch master</Description>
    </Position>
    <Position Key="Poi_1660012664" actions="sleep">
      <Key>Poi_1660012664</Key>
      <X>188.598938</X>
      <Y>1719.20447</Y>
      <Z>231.075928</Z>
      <Heading>209.273834</Heading>
      <Threshold>2</Threshold>
      <Description>Bed 2</Description>
    </Position>
    <Position Key="Poi_1204270605" actions="sleep">
      <Key>Poi_1204270605</Key>
      <X>175.4519</X>
      <Y>1719.438</Y>
      <Z>231.113434</Z>
      <Heading>212.846558</Heading>
      <Threshold>2</Threshold>
      <Description>Bed master</Description>
    </Position>
    <Position Key="Poi_1204722233" actions="sleep-right">
      <Key>Poi_1204722233</Key>
      <X>175.483261</X>
      <Y>1716.06531</Y>
      <Z>231.113434</Z>
      <Heading>325.199982</Heading>
      <Threshold>2</Threshold>
      <Description>Bed right</Description>
    </Position>
    <Position Key="Poi_1662349946" actions="sleep-right">
      <Key>Poi_1662349946</Key>
      <X>188.684921</X>
      <Y>1715.78845</Y>
      <Z>231.075912</Z>
      <Heading>325.8986</Heading>
      <Threshold>2</Threshold>
      <Description>Bed right</Description>
    </Position>
  </PointOfInterest>
</Root>