﻿<?xml version="1.0" encoding="utf-8"?>
<Root>
  <Security>
    <Position>
      <Key>security-spot_-1341740788</Key>
      <X>1259.689</X>
      <Y>-870.2262</Y>
      <Z>75.3854</Z>
      <Heading>254.388</Heading>
      <Threshold>2</Threshold>
      <Description></Description>
    </Position>
    <Position>
      <Key>security-spot_-1339588402</Key>
      <X>1260.801</X>
      <Y>-863.1493</Y>
      <Z>75.3854</Z>
      <Heading>269.7835</Heading>
      <Threshold>2</Threshold>
      <Description></Description>
    </Position>
    <Position>
      <Key>security-spot_-1433403058</Key>
      <X>1248.129</X>
      <Y>-765.7333</Y>
      <Z>61.33766</Z>
      <Heading>36.04379</Heading>
      <Threshold>2</Threshold>
      <Description></Description>
    </Position>
    <Position>
      <Key>security-spot_-1456042998</Key>
      <X>1233.933</X>
      <Y>-864.6192</Y>
      <Z>71.00599</Z>
      <Heading>72.81585</Heading>
      <Threshold>2</Threshold>
      <Description></Description>
    </Position>
    <Position>
      <Key>security-spot_-1454554438</Key>
      <X>1234.671</X>
      <Y>-860.082</Y>
      <Z>71.00599</Z>
      <Heading>70.00681</Heading>
      <Threshold>2</Threshold>
      <Description></Description>
    </Position>
    <Position>
      <Key>security-spot_-1382204023</Key>
      <X>1250.851</X>
      <Y>-863.1915</Y>
      <Z>79.10688</Z>
      <Heading>91.3754</Heading>
      <Threshold>2</Threshold>
      <Description></Description>
    </Position>
    <Position>
      <Key>security-spot_-1383686350</Key>
      <X>1250.138</X>
      <Y>-867.4575</Y>
      <Z>79.10688</Z>
      <Heading>91.3754</Heading>
      <Threshold>2</Threshold>
      <Description></Description>
    </Position>
  </Security>
  <closets>
    <Position>
      <Key>closet-spot_-1432559982</Key>
      <X>1240.10388</X>
      <Y>-853.1491</Y>
      <Z>79.11837</Z>
      <Heading>0</Heading>
      <Threshold>2</Threshold>
      <Description></Description>
    </Position>
    <Position>
      <Key>closet-spot_-1421023962</Key>
      <X>1241.10254</X>
      <Y>-873.6731</Y>
      <Z>75.10665</Z>
      <Heading>0</Heading>
      <Threshold>2</Threshold>
      <Description></Description>
    </Position>
  </closets>
</Root>