﻿<?xml version="1.0" encoding="utf-8"?>
<Root>
  <closets>
    <Position Key="Closet_221001223">
      <Key>Closet_221001223</Key>
      <X>-1089.46313</X>
      <Y>-1667.37073</Y>
      <Z>8.413394</Z>
      <Heading>133.787491</Heading>
      <Threshold>2</Threshold>
      <Description>No description</Description>
    </Position>
    <Position Key="Closet_236792425">
      <Key>Closet_236792425</Key>
      <X>-1093.30066</X>
      <Y>-1662.918</Y>
      <Z>8.413394</Z>
      <Heading>113.326981</Heading>
      <Threshold>2</Threshold>
      <Description>No description</Description>
    </Position>
  </closets>
  <Showers>
    <Position Key="shower_253296289" offset="0.95">
      <Key>shower_253296289</Key>
      <X>-1096.99133</X>
      <Y>-1664.75171</Y>
      <Z>8.570342</Z>
      <Heading>11.7654057</Heading>
      <Threshold>2</Threshold>
      <Description>No description</Description>
    </Position>
  </Showers>
  <PointOfInterest>
    <Position Key="Poi_263377081" actions="sit,smoke,drink-whiskey">
      <Key>Poi_263377081</Key>
      <X>-1099.19263</X>
      <Y>-1668.49829</Y>
      <Z>8.413385</Z>
      <Heading>317.067657</Heading>
      <Threshold>2</Threshold>
      <Description>No description</Description>
    </Position>
    <Position Key="Poi_265160133" actions="sit,smoke,drink-whiskey">
      <Key>Poi_265160133</Key>
      <X>-1099.6311</X>
      <Y>-1667.87671</Y>
      <Z>8.413385</Z>
      <Heading>302.4323</Heading>
      <Threshold>2</Threshold>
      <Description>No description</Description>
    </Position>
    <Position Key="Poi_266918874" actions="sit,smoke,drink-whiskey">
      <Key>Poi_266918874</Key>
      <X>-1100.0697</X>
      <Y>-1667.12329</Y>
      <Z>8.413385</Z>
      <Heading>300.6128</Heading>
      <Threshold>2</Threshold>
      <Description>No description</Description>
    </Position>
    <Position Key="Poi_230994907" actions="sleep">
      <Key>Poi_230994907</Key>
      <X>-1091.94275</X>
      <Y>-1663.38013</Y>
      <Z>8.413394</Z>
      <Heading>349.621429</Heading>
      <Threshold>2</Threshold>
      <Description>No description</Description>
    </Position>
    <Position Key="Poi_219903272" actions="sleep-right">
      <Key>Poi_219903272</Key>
      <X>-1089.46411</X>
      <Y>-1661.521</Y>
      <Z>8.413394</Z>
      <Heading>90.65643</Heading>
      <Threshold>2</Threshold>
      <Description>No description</Description>
    </Position>
  </PointOfInterest>
  <Tvs>
    <Position Key="tv_208896487" renderer="tvscreen" model="1036195894" modelName="prop_tv_flat_01">
      <Key>tv_208896487</Key>
      <X>-1086.59985</X>
      <Y>-1666.25122</Y>
      <Z>8.903984</Z>
      <Heading>215.214615</Heading>
      <Threshold>4</Threshold>
      <Description>Tv model prop_tv_flat_01</Description>
    </Position>
    <Position Key="tv_255094784" renderer="tvscreen" model="1340914825" modelName="prop_tv_flat_02">
      <Key>tv_255094784</Key>
      <X>-1097.42334</X>
      <Y>-1665.90063</Y>
      <Z>8.29367</Z>
      <Heading>305.2146</Heading>
      <Threshold>4</Threshold>
      <Description>Tv model prop_tv_flat_02</Description>
    </Position>
    <Position Key="tv_312537029" renderer="ex_tvscreen" model="608950395" modelName="ex_prop_ex_tv_flat_01">
      <Key>tv_312537029</Key>
      <X>-3234.408</X>
      <Y>821.0096</Y>
      <Z>15.21014</Z>
      <Heading>211.9963</Heading>
      <Threshold>4</Threshold>
      <Description>Tv model ex_prop_ex_tv_flat_01</Description>
    </Position>
  </Tvs>
</Root>