﻿<?xml version="1.0" encoding="utf-8"?>
<Root>
  <closets>
    <Position Key="Closet_-897815675">
      <Key>Closet_-897815675</Key>
      <X>3430.192</X>
      <Y>4929.59326</Y>
      <Z>39.8498039</Z>
      <Heading>242.5932</Heading>
      <Threshold>2</Threshold>
      <Description>Closet  room 1</Description>
    </Position>
    <Position Key="Closet_-874058346">
      <Key>Closet_-874058346</Key>
      <X>3440.923</X>
      <Y>4940.31152</Y>
      <Z>39.8508</Z>
      <Heading>234.723938</Heading>
      <Threshold>2</Threshold>
      <Description>Closet room 2</Description>
    </Position>
    <Position Key="Closet_-836692906">
      <Key>Closet_-836692906</Key>
      <X>3458.71045</X>
      <Y>4915.347</Y>
      <Z>39.85083</Z>
      <Heading>39.29215</Heading>
      <Threshold>2</Threshold>
      <Description>Closet room 4</Description>
    </Position>
    <Position Key="Closet_-852008670">
      <Key>Closet_-852008670</Key>
      <X>3451.781</X>
      <Y>4908.95947</Y>
      <Z>39.8497963</Z>
      <Heading>57.4830666</Heading>
      <Threshold>2</Threshold>
      <Description>Closet romm 5</Description>
    </Position>
    <Position Key="Closet_-883074138">
      <Key>Closet_-883074138</Key>
      <X>3436.67725</X>
      <Y>4944.21875</Y>
      <Z>39.8508034</Z>
      <Heading>54.2770767</Heading>
      <Threshold>2</Threshold>
      <Description>Closet room 2 pos 2</Description>
    </Position>
  </closets>
  <Security>
    <Position Key="Security_-899235021">
      <Key>Security_-899235021</Key>
      <X>3430.36255</X>
      <Y>4913.03564</Y>
      <Z>36.00006</Z>
      <Heading>134.36879</Heading>
      <Threshold>2</Threshold>
      <Description>Sec 1 entry left</Description>
    </Position>
    <Position Key="Security_-889494107">
      <Key>Security_-889494107</Key>
      <X>3434.95483</X>
      <Y>4908.58643</Y>
      <Z>36.00006</Z>
      <Heading>129.438</Heading>
      <Threshold>2</Threshold>
      <Description>Sec 2 entry right</Description>
    </Position>
    <Position Key="Security_-879769081">
      <Key>Security_-879769081</Key>
      <X>3439.316</X>
      <Y>4914.435</Y>
      <Z>36.00008</Z>
      <Heading>319.99527</Heading>
      <Threshold>2</Threshold>
      <Description>Sec 3 entry left</Description>
    </Position>
    <Position Key="Security_-886939401">
      <Key>Security_-886939401</Key>
      <X>3435.93726</X>
      <Y>4917.63037</Y>
      <Z>36.0000763</Z>
      <Heading>303.6488</Heading>
      <Threshold>2</Threshold>
      <Description>Sec 4 entry right</Description>
    </Position>
    <Position Key="Security_-758907880">
      <Key>Security_-758907880</Key>
      <X>3494.94336</X>
      <Y>4926.971</Y>
      <Z>35.0008163</Z>
      <Heading>278.3339</Heading>
      <Threshold>2</Threshold>
      <Description>Sec 6 garden watch isle</Description>
    </Position>
    <Position Key="Security_-858788539">
      <Key>Security_-858788539</Key>
      <X>3447.844</X>
      <Y>4973.114</Y>
      <Z>35.0007858</Z>
      <Heading>358.2208</Heading>
      <Threshold>2</Threshold>
      <Description>Sec watch phare</Description>
    </Position>
    <Position Key="Security_-846857944">
      <Key>Security_-846857944</Key>
      <X>3453.99365</X>
      <Y>4942.403</Y>
      <Z>35.1999969</Z>
      <Heading>307.1943</Heading>
      <Threshold>2</Threshold>
      <Description>Sec garden rght door</Description>
    </Position>
    <Position Key="Security_-825392836">
      <Key>Security_-825392836</Key>
      <X>3464.124</X>
      <Y>4932.10156</Y>
      <Z>35.2000465</Z>
      <Heading>312.440765</Heading>
      <Threshold>2</Threshold>
      <Description>Sec garden left door</Description>
    </Position>
    <Position Key="Security_-812910706">
      <Key>Security_-812910706</Key>
      <X>3469.30981</X>
      <Y>4912.91064</Y>
      <Z>43.4001579</Z>
      <Heading>274.004578</Heading>
      <Threshold>2</Threshold>
      <Description>Sec roof</Description>
    </Position>
    <Position Key="Security_-913885983">
      <Key>Security_-913885983</Key>
      <X>3422.231</X>
      <Y>4934.87158</Y>
      <Z>43.40012</Z>
      <Heading>85.3187943</Heading>
      <Threshold>2</Threshold>
      <Description>Sec roof 2 watch road</Description>
    </Position>
    <Position Key="Security_-859406710">
      <Key>Security_-859406710</Key>
      <X>3448.73218</X>
      <Y>4946.464</Y>
      <Z>31.0449562</Z>
      <Heading>40.9828453</Heading>
      <Threshold>2</Threshold>
      <Description>prison</Description>
    </Position>
    <Position Key="Security_-883810626">
      <Key>Security_-883810626</Key>
      <X>3437.769</X>
      <Y>4924.27832</Y>
      <Z>31.7999935</Z>
      <Heading>310.118164</Heading>
      <Threshold>2</Threshold>
      <Description>No description</Description>
    </Position>
    <Position Key="Security_-878203160">
      <Key>Security_-878203160</Key>
      <X>3440.40674</X>
      <Y>4921.989</Y>
      <Z>31.7999878</Z>
      <Heading>311.913879</Heading>
      <Threshold>2</Threshold>
      <Description>No description</Description>
    </Position>
    <Position Key="Security_-883821113">
      <Key>Security_-883821113</Key>
      <X>3437.46948</X>
      <Y>4937.83545</Y>
      <Z>31.7999954</Z>
      <Heading>130.103149</Heading>
      <Threshold>2</Threshold>
      <Description>No description</Description>
    </Position>
  </Security>
  <PointOfInterest>
    <Position Key="Poi_-861249083" actions="sit,smoke,drink-whiskey">
      <Key>Poi_-861249083</Key>
      <X>3447.76855</X>
      <Y>4923.233</Y>
      <Z>35.2010765</Z>
      <Heading>13.6054516</Heading>
      <Threshold>2</Threshold>
      <Description>Sofa entry</Description>
    </Position>
    <Position Key="Poi_-865851508" actions="sit,smoke,drink-whiskey">
      <Key>Poi_-865851508</Key>
      <X>3445.55127</X>
      <Y>4927.52051</Y>
      <Z>35.20104</Z>
      <Heading>233.933838</Heading>
      <Threshold>2</Threshold>
      <Description>Sofa entry left pos 2</Description>
    </Position>
    <Position Key="Poi_-867257330" actions="sit,smoke,drink-whiskey">
      <Key>Poi_-867257330</Key>
      <X>3444.937</X>
      <Y>4925.931</Y>
      <Z>35.2010651</Z>
      <Heading>262.835236</Heading>
      <Threshold>2</Threshold>
      <Description>Sofa entry left pos 1</Description>
    </Position>
    <Position Key="Poi_-862517649" actions="sit,smoke,drink-whiskey">
      <Key>Poi_-862517649</Key>
      <X>3447.074</X>
      <Y>4928.25244</Y>
      <Z>35.2010727</Z>
      <Heading>185.96904</Heading>
      <Threshold>2</Threshold>
      <Description>Sofa entry left pos3</Description>
    </Position>
    <Position Key="Poi_-857883780" actions="sit,smoke,drink-whiskey">
      <Key>Poi_-857883780</Key>
      <X>3449.30835</X>
      <Y>4923.84961</Y>
      <Z>35.20051</Z>
      <Heading>60.27229</Heading>
      <Threshold>2</Threshold>
      <Description>Sofa entry right pos 2</Description>
    </Position>
    <Position Key="Poi_-856882586" actions="sit,smoke,drink-whiskey">
      <Key>Poi_-856882586</Key>
      <X>3449.74072</X>
      <Y>4925.2124</Y>
      <Z>35.20105</Z>
      <Heading>92.1263351</Heading>
      <Threshold>2</Threshold>
      <Description>Sofa entry right pos 3</Description>
    </Position>
    <Position Key="Poi_-898758467" actions="sit,smoke,drink-whiskey">
      <Key>Poi_-898758467</Key>
      <X>3430.27539</X>
      <Y>4927.162</Y>
      <Z>36.00004</Z>
      <Heading>316.0349</Heading>
      <Threshold>2</Threshold>
      <Description>Sofa aquarium pos 1</Description>
    </Position>
    <Position Key="Poi_-901373935" actions="sit,smoke,drink-whiskey">
      <Key>Poi_-901373935</Key>
      <X>3429.0415</X>
      <Y>4928.39551</Y>
      <Z>36.00004</Z>
      <Heading>307.708954</Heading>
      <Threshold>2</Threshold>
      <Description>Sofa aquarium pos 2</Description>
    </Position>
    <Position Key="Poi_-851647027" actions="sit,smoke,drink-whiskey">
      <Key>Poi_-851647027</Key>
      <X>3452.64771</X>
      <Y>4898.0874</Y>
      <Z>36.01912</Z>
      <Heading>53.77693</Heading>
      <Threshold>2</Threshold>
      <Description>Sofa garage pos left</Description>
    </Position>
    <Position Key="Poi_-854197350" actions="sit,smoke,drink-whiskey">
      <Key>Poi_-854197350</Key>
      <X>3451.495</X>
      <Y>4896.962</Y>
      <Z>36.0195045</Z>
      <Heading>48.5763931</Heading>
      <Threshold>2</Threshold>
      <Description>Sofa garage pos right</Description>
    </Position>
    <Position Key="Poi_-860575700" actions="sit,smoke,drink-whiskey">
      <Key>Poi_-860575700</Key>
      <X>3448.40967</X>
      <Y>4903.587</Y>
      <Z>36.0007668</Z>
      <Heading>201.273911</Heading>
      <Threshold>2</Threshold>
      <Description>Chair garage</Description>
    </Position>
    <Position Key="Poi_-849602652" actions="sit,smoke,drink-whiskey">
      <Key>Poi_-849602652</Key>
      <X>3453.311</X>
      <Y>4911.08057</Y>
      <Z>36.0002441</Z>
      <Heading>329.2267</Heading>
      <Threshold>2</Threshold>
      <Description>lv 0 lvr 1 couch pos1</Description>
    </Position>
    <Position Key="Poi_-851565611" actions="sit,smoke,drink-whiskey">
      <Key>Poi_-851565611</Key>
      <X>3452.38159</X>
      <Y>4912.05029</Y>
      <Z>36.0203323</Z>
      <Heading>316.02832</Heading>
      <Threshold>2</Threshold>
      <Description>lv0 lvr 1 pos 2</Description>
    </Position>
    <Position Key="Poi_-852416729" actions="sit,smoke,drink-whiskey,lie-down">
      <Key>Poi_-852416729</Key>
      <X>3451.97852</X>
      <Y>4912.52539</Y>
      <Z>36.0198822</Z>
      <Heading>302.1514</Heading>
      <Threshold>2</Threshold>
      <Description>lv0 lvr1 pos3</Description>
    </Position>
    <Position Key="Poi_-851813489" actions="sit,smoke,drink-whiskey">
      <Key>Poi_-851813489</Key>
      <X>3452.249</X>
      <Y>4913.011</Y>
      <Z>35.9978447</Z>
      <Heading>243.217789</Heading>
      <Threshold>2</Threshold>
      <Description>lv0 lvr1 pos4</Description>
    </Position>
    <Position Key="Poi_-849826966" actions="sit,smoke,drink-whiskey">
      <Key>Poi_-849826966</Key>
      <X>3453.146</X>
      <Y>4913.911</Y>
      <Z>36.0000877</Z>
      <Heading>213.283676</Heading>
      <Threshold>2</Threshold>
      <Description>lv0 lvr1 pos5</Description>
    </Position>
    <Position Key="Poi_-808464028" actions="sit,smoke,drink-whiskey">
      <Key>Poi_-808464028</Key>
      <X>3472.61255</X>
      <Y>4896.56738</Y>
      <Z>36.0004044</Z>
      <Heading>55.467926</Heading>
      <Threshold>2</Threshold>
      <Description>No descriptio</Description>
    </Position>
    <Position Key="Poi_-810678736" actions="sit,smoke,drink-whiskey">
      <Key>Poi_-810678736</Key>
      <X>3471.612</X>
      <Y>4895.56934</Y>
      <Z>36.00096</Z>
      <Heading>33.72457</Heading>
      <Threshold>2</Threshold>
      <Description>bowling couch pos 2</Description>
    </Position>
    <Position Key="Poi_-812712120" actions="sit,smoke,drink-whiskey">
      <Key>Poi_-812712120</Key>
      <X>3470.67432</X>
      <Y>4895.5376</Y>
      <Z>36.00096</Z>
      <Heading>325.679016</Heading>
      <Threshold>2</Threshold>
      <Description>bowling couch pos 3</Description>
    </Position>
    <Position Key="Poi_-815437689" actions="sit,smoke,drink-whiskey">
      <Key>Poi_-815437689</Key>
      <X>3469.3938</X>
      <Y>4896.57861</Y>
      <Z>36.00096</Z>
      <Heading>310.732147</Heading>
      <Threshold>2</Threshold>
      <Description>Bowling couch pos 4</Description>
    </Position>
    <Position Key="Poi_-818994087" actions="sit,smoke,drink-whiskey">
      <Key>Poi_-818994087</Key>
      <X>3467.25781</X>
      <Y>4919.338</Y>
      <Z>36.0000839</Z>
      <Heading>131.312347</Heading>
      <Threshold>2</Threshold>
      <Description>bench kitchen</Description>
    </Position>
    <Position Key="Poi_-852388632" actions="sit,smoke,drink-whiskey">
      <Key>Poi_-852388632</Key>
      <X>3451.43359</X>
      <Y>4939.413</Y>
      <Z>35.7998</Z>
      <Heading>131.3624</Heading>
      <Threshold>2</Threshold>
      <Description>grey couch pos 1</Description>
    </Position>
    <Position Key="Poi_-854753884" actions="sit,smoke,drink-whiskey">
      <Key>Poi_-854753884</Key>
      <X>3450.32349</X>
      <Y>4940.26465</Y>
      <Z>35.7997971</Z>
      <Heading>111.838264</Heading>
      <Threshold>2</Threshold>
      <Description>Grey couch pos 2</Description>
    </Position>
    <Position Key="Poi_-898978231" actions="sit,smoke,drink-whiskey">
      <Key>Poi_-898978231</Key>
      <X>3429.92627</X>
      <Y>4938.556</Y>
      <Z>36.000042</Z>
      <Heading>179.194565</Heading>
      <Threshold>2</Threshold>
      <Description>lv0 lvr3 bench pos 1</Description>
    </Position>
    <Position Key="Poi_-895488855" actions="sit,smoke,drink-whiskey">
      <Key>Poi_-895488855</Key>
      <X>3431.54053</X>
      <Y>4938.37842</Y>
      <Z>36.000042</Z>
      <Heading>166.0027</Heading>
      <Threshold>2</Threshold>
      <Description>lvr 0 lv1 pos 1</Description>
    </Position>
    <Position Key="Poi_-888206623" actions="sit,smoke,drink-whiskey">
      <Key>Poi_-888206623</Key>
      <X>3434.70532</X>
      <Y>4947.391</Y>
      <Z>36.0010757</Z>
      <Heading>127.5087</Heading>
      <Threshold>2</Threshold>
      <Description>Entry casino white couch 1</Description>
    </Position>
    <Position Key="Poi_-889242700" actions="sit,smoke,drink-whiskey">
      <Key>Poi_-889242700</Key>
      <X>3434.21655</X>
      <Y>4947.879</Y>
      <Z>36.00109</Z>
      <Heading>137.2639</Heading>
      <Threshold>2</Threshold>
      <Description>Entry casino white couch 2</Description>
    </Position>
    <Position Key="Poi_-901461695" actions="sit,smoke,drink-whiskey">
      <Key>Poi_-901461695</Key>
      <X>3428.45142</X>
      <Y>4953.67041</Y>
      <Z>36.00112</Z>
      <Heading>143.801437</Heading>
      <Threshold>2</Threshold>
      <Description>Casino white couch 2 pos 1</Description>
    </Position>
    <Position Key="Poi_-899963546" actions="sit,smoke,drink-whiskey">
      <Key>Poi_-899963546</Key>
      <X>3429.15869</X>
      <Y>4952.941</Y>
      <Z>36.0011139</Z>
      <Heading>147.45015</Heading>
      <Threshold>2</Threshold>
      <Description>Entry casino white couch 2</Description>
    </Position>
    <Position Key="Poi_-908557594" actions="sit,smoke,drink-whiskey">
      <Key>Poi_-908557594</Key>
      <X>3425.103</X>
      <Y>4957.053</Y>
      <Z>36.00109</Z>
      <Heading>146.158447</Heading>
      <Threshold>2</Threshold>
      <Description>Casino white couch 3 pos 1</Description>
    </Position>
    <Position Key="Poi_-907240522" actions="sit,smoke,drink-whiskey">
      <Key>Poi_-907240522</Key>
      <X>3425.72583</X>
      <Y>4956.365</Y>
      <Z>36.00109</Z>
      <Heading>130.4107</Heading>
      <Threshold>2</Threshold>
      <Description>Casino white couch 3 pos 2</Description>
    </Position>
    <Position Key="Poi_-898432452" actions="sit,smoke,drink-whiskey">
      <Key>Poi_-898432452</Key>
      <X>3429.99829</X>
      <Y>4946.54639</Y>
      <Z>36.0509758</Z>
      <Heading>55.71865</Heading>
      <Threshold>2</Threshold>
      <Description>Casino couch pos 1</Description>
    </Position>
    <Position Key="Poi_-900055554" actions="sit,smoke,drink-whiskey">
      <Key>Poi_-900055554</Key>
      <X>3429.26563</X>
      <Y>4945.79</Y>
      <Z>36.05118</Z>
      <Heading>41.431015</Heading>
      <Threshold>2</Threshold>
      <Description>Casino main cou pos 2</Description>
    </Position>
    <Position Key="Poi_-914632947" actions="sit,smoke,drink-whiskey">
      <Key>Poi_-914632947</Key>
      <X>3422.57813</X>
      <Y>4941.93457</Y>
      <Z>36.4119873</Z>
      <Heading>52.8367577</Heading>
      <Threshold>2</Threshold>
      <Description>Ciname bench 1 pos 1</Description>
    </Position>
    <Position Key="Poi_-917797747" actions="sit,smoke,drink-whiskey">
      <Key>Poi_-917797747</Key>
      <X>3421.14868</X>
      <Y>4940.50146</Y>
      <Z>36.4119873</Z>
      <Heading>53.3852539</Heading>
      <Threshold>2</Threshold>
      <Description>Ciname bench 1 pos 2</Description>
    </Position>
    <Position Key="Poi_-921017646" actions="sit,smoke,drink-whiskey">
      <Key>Poi_-921017646</Key>
      <X>3419.65356</X>
      <Y>4942.034</Y>
      <Z>36.2117157</Z>
      <Heading>47.89316</Heading>
      <Threshold>2</Threshold>
      <Description>Ciname bench 2 pos 2</Description>
    </Position>
    <Position Key="Poi_-918102258" actions="sit,smoke,drink-whiskey">
      <Key>Poi_-918102258</Key>
      <X>3420.96851</X>
      <Y>4943.43945</Y>
      <Z>36.2117157</Z>
      <Heading>61.14337</Heading>
      <Threshold>2</Threshold>
      <Description>Cinema bench 2 pose 1</Description>
    </Position>
    <Position Key="Poi_-921740734" actions="sit,smoke,drink-whiskey">
      <Key>Poi_-921740734</Key>
      <X>3419.28345</X>
      <Y>4944.82031</Y>
      <Z>36.01197</Z>
      <Heading>60.10874</Heading>
      <Threshold>2</Threshold>
      <Description>Cinema bench3 pos 1</Description>
    </Position>
    <Position Key="Poi_-924424858" actions="sit,smoke,drink-whiskey">
      <Key>Poi_-924424858</Key>
      <X>3418.0708</X>
      <Y>4943.619</Y>
      <Z>36.0119667</Z>
      <Heading>60.45428</Heading>
      <Threshold>2</Threshold>
      <Description>Cinema bench 3 pos 2</Description>
    </Position>
    <Position Key="Poi_-893487836" actions="sit,smoke,drink-whiskey">
      <Key>Poi_-893487836</Key>
      <X>3432.232</X>
      <Y>4927.63</Y>
      <Z>39.8497963</Z>
      <Heading>226.806946</Heading>
      <Threshold>2</Threshold>
      <Description>LV1 bench pos1</Description>
    </Position>
    <Position Key="Poi_-891393019" actions="sit,smoke,drink-whiskey">
      <Key>Poi_-891393019</Key>
      <X>3433.179</X>
      <Y>4928.539</Y>
      <Z>39.8497963</Z>
      <Heading>212.470947</Heading>
      <Threshold>2</Threshold>
      <Description>lv1 bench 1 pos 2</Description>
    </Position>
    <Position Key="Poi_-815412855" actions="jogging,smoke">
      <Key>Poi_-815412855</Key>
      <X>3469.044</X>
      <Y>4912.36</Y>
      <Z>36.15176</Z>
      <Heading>316.093567</Heading>
      <Threshold>2</Threshold>
      <Description>TM1</Description>
    </Position>
    <Position Key="Poi_-811067352" actions="jogging">
      <Key>Poi_-811067352</Key>
      <X>3471.09839</X>
      <Y>4910.12256</Y>
      <Z>36.1492958</Z>
      <Heading>316.947266</Heading>
      <Threshold>2</Threshold>
      <Description>TM2</Description>
    </Position>
    <Position Key="Poi_-807280500" actions="jogging">
      <Key>Poi_-807280500</Key>
      <X>3472.88843</X>
      <Y>4908.18848</Y>
      <Z>36.14673</Z>
      <Heading>314.511841</Heading>
      <Threshold>2</Threshold>
      <Description>TM3</Description>
    </Position>
    <Position Key="Poi_-815650949" actions="bench-press">
      <Key>Poi_-815650949</Key>
      <X>3469.07739</X>
      <Y>4906.605</Y>
      <Z>36.00112</Z>
      <Heading>135</Heading>
      <Threshold>2</Threshold>
      <Description>Bench press</Description>
    </Position>
    <Position Key="Poi_-804098456" actions="sit-up,push-ups">
      <Key>Poi_-804098456</Key>
      <X>3474.49487</X>
      <Y>4902.57959</Y>
      <Z>36.0148354</Z>
      <Heading>326.517822</Heading>
      <Threshold>2</Threshold>
      <Description>Tapis</Description>
    </Position>
    <Position Key="Poi_-870906992" actions="sit,smoke,drink-whiskey">
      <Key>Poi_-870906992</Key>
      <X>3442.44165</X>
      <Y>4937.36572</Y>
      <Z>39.84978</Z>
      <Heading>128.953125</Heading>
      <Threshold>2</Threshold>
      <Description>chair top stairs</Description>
    </Position>
    <Position Key="Poi_-876894494" actions="sleep">
      <Key>Poi_-876894494</Key>
      <X>3439.60229</X>
      <Y>4940.858</Y>
      <Z>39.85082</Z>
      <Heading>83.68832</Heading>
      <Threshold>2</Threshold>
      <Description>wing left room right sleep left</Description>
    </Position>
    <Position Key="Poi_-882058017" actions="sleep-right">
      <Key>Poi_-882058017</Key>
      <X>3437.16382</X>
      <Y>4943.408</Y>
      <Z>39.85082</Z>
      <Heading>184.953384</Heading>
      <Threshold>2</Threshold>
      <Description>Wing left room right sleep right</Description>
    </Position>
    <Position Key="Poi_-827774353" actions="sleep">
      <Key>Poi_-827774353</Key>
      <X>3462.91528</X>
      <Y>4911.15527</Y>
      <Z>39.87006</Z>
      <Heading>87.00312</Heading>
      <Threshold>2</Threshold>
      <Description>Wing right room right sleep left</Description>
    </Position>
    <Position Key="Poi_-901059440" actions="sleep">
      <Key>Poi_-901059440</Key>
      <X>3428.683</X>
      <Y>4929.57666</Y>
      <Z>39.94989</Z>
      <Heading>87.86689</Heading>
      <Threshold>2</Threshold>
      <Description>left wing left room bed sleep left</Description>
    </Position>
    <Position Key="Poi_-906349439" actions="sleep-right">
      <Key>Poi_-906349439</Key>
      <X>3426.18848</X>
      <Y>4932.025</Y>
      <Z>39.949894</Z>
      <Heading>182.397217</Heading>
      <Threshold>2</Threshold>
      <Description>Left wing left room bed sleep right</Description>
    </Position>
    <Position Key="Poi_-887781893" actions="sit,smoke,drink-whiskey">
      <Key>Poi_-887781893</Key>
      <X>3434.62622</X>
      <Y>4938.622</Y>
      <Z>39.8508034</Z>
      <Heading>314.830933</Heading>
      <Threshold>2</Threshold>
      <Description>Left wing right room couch l</Description>
    </Position>
    <Position Key="Poi_-890619886" actions="sit,smoke,drink-whiskey">
      <Key>Poi_-890619886</Key>
      <X>3433.28735</X>
      <Y>4939.96045</Y>
      <Z>39.8508034</Z>
      <Heading>309.025177</Heading>
      <Threshold>2</Threshold>
      <Description>Left W Right R couch right</Description>
    </Position>
    <Position Key="Poi_-903312381" actions="sit,smoke,drink-whiskey">
      <Key>Poi_-903312381</Key>
      <X>3427.53442</X>
      <Y>4935.144</Y>
      <Z>39.8497849</Z>
      <Heading>221.576431</Heading>
      <Threshold>2</Threshold>
      <Description>Left wing left room chair</Description>
    </Position>
    <Position Key="Poi_-823192623" actions="sit,smoke,drink-whiskey">
      <Key>Poi_-823192623</Key>
      <X>3465.08569</X>
      <Y>4908.583</Y>
      <Z>39.87038</Z>
      <Heading>44.2785721</Heading>
      <Threshold>2</Threshold>
      <Description>Toilet</Description>
    </Position>
    <Position Key="Poi_-833821631" actions="sleep-right">
      <Key>Poi_-833821631</Key>
      <X>3460.058</X>
      <Y>4914.204</Y>
      <Z>39.87005</Z>
      <Heading>179.67244</Heading>
      <Threshold>2</Threshold>
      <Description>R wing Master</Description>
    </Position>
    <Position Key="Poi_-853626108" actions="sleep-right">
      <Key>Poi_-853626108</Key>
      <X>3451.06934</X>
      <Y>4906.802</Y>
      <Z>39.94987</Z>
      <Heading>193.000549</Heading>
      <Threshold>2</Threshold>
      <Description>LV1 Right W Right R Bed right</Description>
    </Position>
    <Position Key="Poi_-848194722" actions="sleep">
      <Key>Poi_-848194722</Key>
      <X>3453.62939</X>
      <Y>4904.345</Y>
      <Z>39.94989</Z>
      <Heading>77.9306641</Heading>
      <Threshold>2</Threshold>
      <Description>LV1 right W right R  Bed Left</Description>
    </Position>
    <Position Key="Poi_-841732562" actions="sit,smoke,drink-whiskey">
      <Key>Poi_-841732562</Key>
      <X>3456.57813</X>
      <Y>4905.78</Y>
      <Z>39.9702</Z>
      <Heading>53.1650429</Heading>
      <Threshold>2</Threshold>
      <Description>Right Wing Right R Chair</Description>
    </Position>
    <Position Key="Poi_-868487555" actions="sit,smoke,drink-whiskey">
      <Key>Poi_-868487555</Key>
      <X>3443.97778</X>
      <Y>4939.487</Y>
      <Z>36.00097</Z>
      <Heading>41.17011</Heading>
      <Threshold>2</Threshold>
      <Description>Toilet</Description>
    </Position>
    <Position Key="Poi_-825929572" actions="sit,smoke,drink-whiskey">
      <Key>Poi_-825929572</Key>
      <X>3463.495</X>
      <Y>4923.76</Y>
      <Z>39.84978</Z>
      <Heading>318.8911</Heading>
      <Threshold>2</Threshold>
      <Description>No description</Description>
    </Position>
    <Position Key="Poi_-824639479" actions="sit,smoke,drink-whiskey">
      <Key>Poi_-824639479</Key>
      <X>3464.10376</X>
      <Y>4923.15039</Y>
      <Z>39.84978</Z>
      <Heading>315.7175</Heading>
      <Threshold>2</Threshold>
      <Description>No description</Description>
    </Position>
    <Position Key="Poi_-853632019" actions="sit,smoke,drink-whiskey">
      <Key>Poi_-853632019</Key>
      <X>3450.693</X>
      <Y>4957.04</Y>
      <Z>34.00983</Z>
      <Heading>42.79014</Heading>
      <Threshold>2</Threshold>
      <Description>No description</Description>
    </Position>
    <Position Key="Poi_-855310674" actions="sit,smoke,drink-whiskey">
      <Key>Poi_-855310674</Key>
      <X>3449.938</X>
      <Y>4956.13867</Y>
      <Z>34.00983</Z>
      <Heading>44.015358</Heading>
      <Threshold>2</Threshold>
      <Description>No description</Description>
    </Position>
    <Position Key="Poi_-856963891" actions="sit,smoke,drink-whiskey">
      <Key>Poi_-856963891</Key>
      <X>3449.18921</X>
      <Y>4955.48535</Y>
      <Z>34.00983</Z>
      <Heading>41.3404236</Heading>
      <Threshold>2</Threshold>
      <Description>No description</Description>
    </Position>
    <Position Key="Poi_-857175629" actions="sit,smoke,drink-whiskey">
      <Key>Poi_-857175629</Key>
      <X>3449.09131</X>
      <Y>4955.49365</Y>
      <Z>34.00983</Z>
      <Heading>314.8742</Heading>
      <Threshold>2</Threshold>
      <Description>No description</Description>
    </Position>
    <Position Key="Poi_-858409211" actions="sit,smoke,drink-whiskey">
      <Key>Poi_-858409211</Key>
      <X>3448.5105</X>
      <Y>4956.02246</Y>
      <Z>34.00983</Z>
      <Heading>302.417816</Heading>
      <Threshold>2</Threshold>
      <Description>No description</Description>
    </Position>
    <Position Key="Poi_-860237763" actions="sit,smoke,drink-whiskey">
      <Key>Poi_-860237763</Key>
      <X>3447.64771</X>
      <Y>4956.8916</Y>
      <Z>34.0098076</Z>
      <Heading>304.2944</Heading>
      <Threshold>2</Threshold>
      <Description>No description</Description>
    </Position>
    <Position Key="Poi_-862650831" actions="sit,smoke,drink-whiskey">
      <Key>Poi_-862650831</Key>
      <X>3446.50879</X>
      <Y>4958.053</Y>
      <Z>34.0098076</Z>
      <Heading>311.274841</Heading>
      <Threshold>2</Threshold>
      <Description>No description</Description>
    </Position>
    <Position Key="Poi_-864183045" actions="sit,smoke,drink-whiskey">
      <Key>Poi_-864183045</Key>
      <X>3445.78516</X>
      <Y>4958.812</Y>
      <Z>34.0098076</Z>
      <Heading>314.3931</Heading>
      <Threshold>2</Threshold>
      <Description>No description</Description>
    </Position>
    <Position Key="Poi_-865820691" actions="sit,smoke,drink-whiskey">
      <Key>Poi_-865820691</Key>
      <X>3445.014</X>
      <Y>4959.52246</Y>
      <Z>34.0098076</Z>
      <Heading>314.8097</Heading>
      <Threshold>2</Threshold>
      <Description>No description</Description>
    </Position>
    <Position Key="Poi_-865949905" actions="sit,smoke,drink-whiskey">
      <Key>Poi_-865949905</Key>
      <X>3444.95215</X>
      <Y>4959.62061</Y>
      <Z>34.0098076</Z>
      <Heading>221.255234</Heading>
      <Threshold>2</Threshold>
      <Description>No description</Description>
    </Position>
    <Position Key="Poi_-863974182" actions="sit,smoke,drink-whiskey">
      <Key>Poi_-863974182</Key>
      <X>3445.847</X>
      <Y>4960.405</Y>
      <Z>34.0098076</Z>
      <Heading>210.414764</Heading>
      <Threshold>2</Threshold>
      <Description>No description</Description>
    </Position>
    <Position Key="Poi_-862340929" actions="sit,smoke,drink-whiskey">
      <Key>Poi_-862340929</Key>
      <X>3446.584</X>
      <Y>4961.17334</Y>
      <Z>34.0098076</Z>
      <Heading>226.689087</Heading>
      <Threshold>2</Threshold>
      <Description>No description</Description>
    </Position>
    <Position Key="Poi_-860026163" actions="sit,smoke,drink-whiskey">
      <Key>Poi_-860026163</Key>
      <X>3447.628</X>
      <Y>4962.29346</Y>
      <Z>34.0098076</Z>
      <Heading>224.9465</Heading>
      <Threshold>2</Threshold>
      <Description>No description</Description>
    </Position>
    <Position Key="Poi_-858351096" actions="sit,smoke,drink-whiskey">
      <Key>Poi_-858351096</Key>
      <X>3448.38452</X>
      <Y>4963.05127</Y>
      <Z>34.0098076</Z>
      <Heading>219.826492</Heading>
      <Threshold>2</Threshold>
      <Description>No description</Description>
    </Position>
    <Position Key="Poi_-856524160" actions="sit,smoke,drink-whiskey">
      <Key>Poi_-856524160</Key>
      <X>3449.21216</X>
      <Y>4963.765</Y>
      <Z>34.0098076</Z>
      <Heading>215.18573</Heading>
      <Threshold>2</Threshold>
      <Description>No description</Description>
    </Position>
    <Position Key="Poi_-856549161" actions="sit,smoke,drink-whiskey">
      <Key>Poi_-856549161</Key>
      <X>3449.19849</X>
      <Y>4963.86328</Y>
      <Z>34.0098076</Z>
      <Heading>153.924362</Heading>
      <Threshold>2</Threshold>
      <Description>No description</Description>
    </Position>
    <Position Key="Poi_-854979526" actions="sit,smoke,drink-whiskey">
      <Key>Poi_-854979526</Key>
      <X>3449.939</X>
      <Y>4963.124</Y>
      <Z>34.0098076</Z>
      <Heading>149.0456</Heading>
      <Threshold>2</Threshold>
      <Description>No description</Description>
    </Position>
    <Position Key="Poi_-853446737" actions="sit,smoke,drink-whiskey">
      <Key>Poi_-853446737</Key>
      <X>3450.662</X>
      <Y>4962.4</Y>
      <Z>34.0098076</Z>
      <Heading>127.70031</Heading>
      <Threshold>2</Threshold>
      <Description>No description</Description>
    </Position>
    <Position Key="Poi_-840771412" actions="sit,smoke,drink-whiskey">
      <Key>Poi_-840771412</Key>
      <X>3456.429</X>
      <Y>4960.702</Y>
      <Z>35.0008163</Z>
      <Heading>43.0101852</Heading>
      <Threshold>2</Threshold>
      <Description>No description</Description>
    </Position>
    <Position Key="Poi_-839068941" actions="sit,smoke,drink-whiskey">
      <Key>Poi_-839068941</Key>
      <X>3457.201</X>
      <Y>4961.34</Y>
      <Z>34.9998055</Z>
      <Heading>60.50837</Heading>
      <Threshold>2</Threshold>
      <Description>No description</Description>
    </Position>
    <Position Key="Poi_-851217158" actions="sit,smoke,drink-whiskey">
      <Key>Poi_-851217158</Key>
      <X>3451.44727</X>
      <Y>4967.827</Y>
      <Z>35.04996</Z>
      <Heading>309.2727</Heading>
      <Threshold>2</Threshold>
      <Description>No description</Description>
    </Position>
    <Position Key="Poi_-850142207" actions="sit,smoke,drink-whiskey">
      <Key>Poi_-850142207</Key>
      <X>3451.95654</X>
      <Y>4967.221</Y>
      <Z>35.04996</Z>
      <Heading>315.1742</Heading>
      <Threshold>2</Threshold>
      <Description>No description</Description>
    </Position>
    <Position Key="Poi_-846272986" actions="sit,smoke,drink-whiskey">
      <Key>Poi_-846272986</Key>
      <X>3453.78564</X>
      <Y>4965.22461</Y>
      <Z>35.04996</Z>
      <Heading>311.417816</Heading>
      <Threshold>2</Threshold>
      <Description>No description</Description>
    </Position>
    <Position Key="Poi_-847547945" actions="sit,smoke,drink-whiskey">
      <Key>Poi_-847547945</Key>
      <X>3453.18262</X>
      <Y>4965.897</Y>
      <Z>35.04996</Z>
      <Heading>322.769745</Heading>
      <Threshold>2</Threshold>
      <Description>No description</Description>
    </Position>
    <Position Key="Poi_-821511312" actions="sit,smoke,drink-whiskey">
      <Key>Poi_-821511312</Key>
      <X>3465.35962</X>
      <Y>4958.77637</Y>
      <Z>35.0007858</Z>
      <Heading>140.297409</Heading>
      <Threshold>2</Threshold>
      <Description>No description</Description>
    </Position>
    <Position Key="Poi_-820241510" actions="sit,smoke,drink-whiskey">
      <Key>Poi_-820241510</Key>
      <X>3465.95483</X>
      <Y>4958.354</Y>
      <Z>35.0007668</Z>
      <Heading>129.614868</Heading>
      <Threshold>2</Threshold>
      <Description>No description</Description>
    </Position>
    <Position Key="Poi_-817750837" actions="sit,smoke,drink-whiskey">
      <Key>Poi_-817750837</Key>
      <X>3467.11621</X>
      <Y>4957.28369</Y>
      <Z>35.0947456</Z>
      <Heading>140.496445</Heading>
      <Threshold>2</Threshold>
      <Description>No description</Description>
    </Position>
    <Position Key="Poi_-816700692" actions="sit,smoke,drink-whiskey">
      <Key>Poi_-816700692</Key>
      <X>3467.6106</X>
      <Y>4956.80225</Y>
      <Z>35.10084</Z>
      <Heading>139.344818</Heading>
      <Threshold>2</Threshold>
      <Description>No description</Description>
    </Position>
    <Position Key="Poi_-792751162" actions="sit,smoke,drink-whiskey">
      <Key>Poi_-792751162</Key>
      <X>3478.921</X>
      <Y>4945.52441</Y>
      <Z>35.0008125</Z>
      <Heading>141.8559</Heading>
      <Threshold>2</Threshold>
      <Description>No description</Description>
    </Position>
    <Position Key="Poi_-791557071" actions="sit,smoke,drink-whiskey">
      <Key>Poi_-791557071</Key>
      <X>3479.48486</X>
      <Y>4944.932</Y>
      <Z>35.0008125</Z>
      <Heading>132.107468</Heading>
      <Threshold>2</Threshold>
      <Description>No description</Description>
    </Position>
    <Position Key="Poi_-786981770" actions="sit,smoke,drink-whiskey">
      <Key>Poi_-786981770</Key>
      <X>3481.663</X>
      <Y>4941.892</Y>
      <Z>34.9960861</Z>
      <Heading>277.904</Heading>
      <Threshold>2</Threshold>
      <Description>No description</Description>
    </Position>
    <Position Key="Poi_-780006873" actions="sit,smoke,drink-whiskey">
      <Key>Poi_-780006873</Key>
      <X>3484.95532</X>
      <Y>4938.49756</Y>
      <Z>35.00077</Z>
      <Heading>353.692352</Heading>
      <Threshold>2</Threshold>
      <Description>No description</Description>
    </Position>
    <Position Key="Poi_-781813729" actions="sit,smoke,drink-whiskey">
      <Key>Poi_-781813729</Key>
      <X>3484.10449</X>
      <Y>4939.277</Y>
      <Z>35.0007744</Z>
      <Heading>128.91713</Heading>
      <Threshold>2</Threshold>
      <Description>No description</Description>
    </Position>
    <Position Key="Poi_-784631954" actions="sit,smoke,drink-whiskey">
      <Key>Poi_-784631954</Key>
      <X>3482.93872</X>
      <Y>4933.07227</Y>
      <Z>35.0008163</Z>
      <Heading>47.9762154</Heading>
      <Threshold>2</Threshold>
      <Description>No description</Description>
    </Position>
    <Position Key="Poi_-785809213" actions="sit,smoke,drink-whiskey">
      <Key>Poi_-785809213</Key>
      <X>3482.40283</X>
      <Y>4932.669</Y>
      <Z>35.0118561</Z>
      <Heading>48.51965</Heading>
      <Threshold>2</Threshold>
      <Description>No description</Description>
    </Position>
    <Position Key="Poi_-765160336" actions="sit,smoke,drink-whiskey">
      <Key>Poi_-765160336</Key>
      <X>3492.03516</X>
      <Y>4926.535</Y>
      <Z>35.2660561</Z>
      <Heading>35.9346924</Heading>
      <Threshold>2</Threshold>
      <Description>No description</Description>
    </Position>
    <Position Key="Poi_-765917003" actions="sit,smoke,drink-whiskey">
      <Key>Poi_-765917003</Key>
      <X>3491.68384</X>
      <Y>4926.656</Y>
      <Z>35.261795</Z>
      <Heading>359.179016</Heading>
      <Threshold>2</Threshold>
      <Description>No description</Description>
    </Position>
    <Position Key="Poi_-765952515" actions="sit,smoke,drink-whiskey">
      <Key>Poi_-765952515</Key>
      <X>3491.66479</X>
      <Y>4926.778</Y>
      <Z>35.261795</Z>
      <Heading>287.545471</Heading>
      <Threshold>2</Threshold>
      <Description>No description</Description>
    </Position>
    <Position Key="Poi_-765751587" actions="sit,smoke,drink-whiskey">
      <Key>Poi_-765751587</Key>
      <X>3491.75781</X>
      <Y>4926.76465</Y>
      <Z>35.261795</Z>
      <Heading>238.7964</Heading>
      <Threshold>2</Threshold>
      <Description>No description</Description>
    </Position>
    <Position Key="Poi_-765616485" actions="sit,smoke,drink-whiskey">
      <Key>Poi_-765616485</Key>
      <X>3491.822</X>
      <Y>4926.679</Y>
      <Z>35.261795</Z>
      <Heading>186.9699</Heading>
      <Threshold>2</Threshold>
      <Description>No description</Description>
    </Position>
    <Position Key="Poi_-813194697" actions="sit,smoke,drink-whiskey">
      <Key>Poi_-813194697</Key>
      <X>3469.84766</X>
      <Y>4928.891</Y>
      <Z>34.99973</Z>
      <Heading>311.973755</Heading>
      <Threshold>2</Threshold>
      <Description>No description</Description>
    </Position>
    <Position Key="Poi_-812114548" actions="sit,smoke,drink-whiskey">
      <Key>Poi_-812114548</Key>
      <X>3470.35718</X>
      <Y>4928.38428</Y>
      <Z>34.99973</Z>
      <Heading>317.418823</Heading>
      <Threshold>2</Threshold>
      <Description>No description</Description>
    </Position>
    <Position Key="Poi_-849314258" actions="sit,smoke,drink-whiskey">
      <Key>Poi_-849314258</Key>
      <X>3452.80664</X>
      <Y>4945.973</Y>
      <Z>34.9997559</Z>
      <Heading>311.7355</Heading>
      <Threshold>2</Threshold>
      <Description>No description</Description>
    </Position>
    <Position Key="Poi_-850316875" actions="sit,smoke,drink-whiskey">
      <Key>Poi_-850316875</Key>
      <X>3452.33447</X>
      <Y>4946.40771</Y>
      <Z>34.999752</Z>
      <Heading>314.573059</Heading>
      <Threshold>2</Threshold>
      <Description>No description</Description>
    </Position>
    <Position Key="Poi_-855621081" actions="sit,smoke,drink-whiskey">
      <Key>Poi_-855621081</Key>
      <X>3449.83325</X>
      <Y>4948.859</Y>
      <Z>34.99952</Z>
      <Heading>316.950684</Heading>
      <Threshold>2</Threshold>
      <Description>No description</Description>
    </Position>
    <Position Key="Poi_-856517703" actions="sit,smoke,drink-whiskey">
      <Key>Poi_-856517703</Key>
      <X>3449.41016</X>
      <Y>4949.285</Y>
      <Z>34.999733</Z>
      <Heading>321.563538</Heading>
      <Threshold>2</Threshold>
      <Description>No description</Description>
    </Position>
    <Position Key="Poi_-896855804">
      <Key>Poi_-896855804</Key>
      <X>3430.33545</X>
      <Y>4943.253</Y>
      <Z>39.87038</Z>
      <Heading>230.148132</Heading>
      <Threshold>2</Threshold>
      <Description>toilet@actions=sit,smoke,drink-whiskey</Description>
    </Position>
    <Position Key="Poi_-834465578" actions="sit,smoke,drink-whiskey">
      <Key>Poi_-834465578</Key>
      <X>3459.45044</X>
      <Y>4955.59033</Y>
      <Z>34.9997368</Z>
      <Heading>194.3714</Heading>
      <Threshold>2</Threshold>
      <Description>No description</Description>
    </Position>
    <Position Key="Poi_-830675401" actions="sit,smoke,drink-whiskey">
      <Key>Poi_-830675401</Key>
      <X>3461.2146</X>
      <Y>4954.903</Y>
      <Z>34.9997635</Z>
      <Heading>151.202881</Heading>
      <Threshold>2</Threshold>
      <Description>No description</Description>
    </Position>
    <Position Key="Poi_-773750529" actions="sit,smoke,drink-whiskey">
      <Key>Poi_-773750529</Key>
      <X>3487.98047</X>
      <Y>4932.16064</Y>
      <Z>35.0007668</Z>
      <Heading>307.875732</Heading>
      <Threshold>2</Threshold>
      <Description>No description</Description>
    </Position>
    <Position Key="Poi_-775282350" actions="sit,smoke,drink-whiskey">
      <Key>Poi_-775282350</Key>
      <X>3487.256</X>
      <Y>4932.96533</Y>
      <Z>35.0000725</Z>
      <Heading>312.104</Heading>
      <Threshold>2</Threshold>
      <Description>No description</Description>
    </Position>
    <Position Key="Poi_-903174261" actions="sleep">
      <Key>Poi_-903174261</Key>
      <X>3428.82617</X>
      <Y>4924.568</Y>
      <Z>31.7999859</Z>
      <Heading>75.08507</Heading>
      <Threshold>2</Threshold>
      <Description>No description</Description>
    </Position>
    <Position Key="Poi_-841996505" actions="sit">
      <Key>Poi_-841996505</Key>
      <X>3456.89673</X>
      <Y>4932.10352</Y>
      <Z>31.7999172</Z>
      <Heading>223.54361</Heading>
      <Threshold>2</Threshold>
      <Description>toilet</Description>
    </Position>
    <Position Key="Poi_-893085422" actions="sit">
      <Key>Poi_-893085422</Key>
      <X>3433.12915</X>
      <Y>4940.813</Y>
      <Z>31.7999935</Z>
      <Heading>232.448212</Heading>
      <Threshold>2</Threshold>
      <Description>toilet</Description>
    </Position>
    <Position Key="Poi_-899218172" actions="sleep">
      <Key>Poi_-899218172</Key>
      <X>3430.68945</X>
      <Y>4922.84326</Y>
      <Z>31.79998</Z>
      <Heading>87.37594</Heading>
      <Threshold>2</Threshold>
      <Description>No description</Description>
    </Position>
    <Position Key="Poi_-895482098" actions="sleep">
      <Key>Poi_-895482098</Key>
      <X>3432.448</X>
      <Y>4921.26563</Y>
      <Z>31.79998</Z>
      <Heading>91.06426</Heading>
      <Threshold>2</Threshold>
      <Description>No description</Description>
    </Position>
    <Position Key="Poi_-897606861" actions="sleep">
      <Key>Poi_-897606861</Key>
      <X>3431.33984</X>
      <Y>4927.133</Y>
      <Z>31.79998</Z>
      <Heading>268.7696</Heading>
      <Threshold>2</Threshold>
      <Description>No description</Description>
    </Position>
    <Position Key="Poi_-894253461" actions="sleep">
      <Key>Poi_-894253461</Key>
      <X>3432.92188</X>
      <Y>4925.551</Y>
      <Z>31.79998</Z>
      <Heading>260.920715</Heading>
      <Threshold>2</Threshold>
      <Description>No description</Description>
    </Position>
    <Position Key="Poi_-910995584" actions="jogging">
      <Key>Poi_-910995584</Key>
      <X>3425.11255</X>
      <Y>4927.666</Y>
      <Z>31.951355</Z>
      <Heading>133.197647</Heading>
      <Threshold>2</Threshold>
      <Description>No description</Description>
    </Position>
    <Position Key="Poi_-910384526" actions="jogging">
      <Key>Poi_-910384526</Key>
      <X>3425.27783</X>
      <Y>4933.063</Y>
      <Z>31.9488869</Z>
      <Heading>313.612122</Heading>
      <Threshold>2</Threshold>
      <Description>No description</Description>
    </Position>
    <Position Key="Poi_-905531595" actions="sit,smoke,drink-whiskey">
      <Key>Poi_-905531595</Key>
      <X>3427.638</X>
      <Y>4929.181</Y>
      <Z>31.7999954</Z>
      <Heading>320.4471</Heading>
      <Threshold>2</Threshold>
      <Description>No description</Description>
    </Position>
    <Position Key="Poi_-907306116" actions="sit,smoke,drink-whiskey">
      <Key>Poi_-907306116</Key>
      <X>3426.80249</X>
      <Y>4929.93945</Y>
      <Z>31.7999916</Z>
      <Heading>307.5281</Heading>
      <Threshold>2</Threshold>
      <Description>No description</Description>
    </Position>
    <Position Key="Poi_-867385755" actions="sit,smoke,drink-whiskey">
      <Key>Poi_-867385755</Key>
      <X>3443.83</X>
      <Y>4975.244</Y>
      <Z>34.999733</Z>
      <Heading>83.92997</Heading>
      <Threshold>2</Threshold>
      <Description>No description</Description>
    </Position>
    <Position Key="Poi_-868910747" actions="sit,smoke,drink-whiskey">
      <Key>Poi_-868910747</Key>
      <X>3443.15332</X>
      <Y>4974</Y>
      <Z>34.999733</Z>
      <Heading>54.76412</Heading>
      <Threshold>2</Threshold>
      <Description>No description</Description>
    </Position>
    <Position Key="Poi_-869665584" actions="sit,smoke,drink-whiskey">
      <Key>Poi_-869665584</Key>
      <X>3442.818</X>
      <Y>4973.39453</Y>
      <Z>34.999733</Z>
      <Heading>47.0682755</Heading>
      <Threshold>2</Threshold>
      <Description>No description</Description>
    </Position>
    <Position Key="Poi_-892258156" actions="sit,smoke,drink-whiskey">
      <Key>Poi_-892258156</Key>
      <X>3432.59766</X>
      <Y>4963.91455</Y>
      <Z>34.9978256</Z>
      <Heading>10.3658714</Heading>
      <Threshold>2</Threshold>
      <Description>No description</Description>
    </Position>
    <Position Key="Poi_-890753743" actions="sit,smoke,drink-whiskey">
      <Key>Poi_-890753743</Key>
      <X>3433.29126</X>
      <Y>4963.935</Y>
      <Z>34.9999542</Z>
      <Heading>4.916131</Heading>
      <Threshold>2</Threshold>
      <Description>No description</Description>
    </Position>
    <Position Key="Poi_-902410625" actions="sit,smoke,drink-whiskey">
      <Key>Poi_-902410625</Key>
      <X>3427.93823</X>
      <Y>4962.70166</Y>
      <Z>35.00022</Z>
      <Heading>337.5428</Heading>
      <Threshold>2</Threshold>
      <Description>No description</Description>
    </Position>
    <Position Key="Poi_-912281201" actions="bench-press">
      <Key>Poi_-912281201</Key>
      <X>3424.49731</X>
      <Y>4930.3584</Y>
      <Z>31.79999</Z>
      <Heading>45.25488</Heading>
      <Threshold>2</Threshold>
      <Description>No description</Description>
    </Position>
  </PointOfInterest>
  <Showers>
    <Position Key="Shower" offset="1.05">
      <Key>Shower</Key>
      <X>3461.85938</X>
      <Y>4907.75537</Y>
      <Z>39.8498039</Z>
      <Heading>47.8478241</Heading>
      <Threshold>2</Threshold>
      <Description>Shower 1</Description>
    </Position>
    <Position Key="Shower" offset="1.05">
      <Key>Shower</Key>
      <X>3456.77637</X>
      <Y>4899.69629</Y>
      <Z>39.8497963</Z>
      <Heading>223.22168</Heading>
      <Threshold>2</Threshold>
      <Description>shower 2</Description>
    </Position>
    <Position Key="Shower" offset="1.05">
      <Key>Shower</Key>
      <X>3423.09644</X>
      <Y>4933.3584</Y>
      <Z>39.8498077</Z>
      <Heading>220.81897</Heading>
      <Threshold>2</Threshold>
      <Description>shower 3</Description>
    </Position>
    <Position Key="Shower" offset="1.05">
      <Key>Shower</Key>
      <X>3428.108</X>
      <Y>4941.503</Y>
      <Z>39.8498</Z>
      <Heading>39.8035736</Heading>
      <Threshold>2</Threshold>
      <Description>Shower 4</Description>
    </Position>
    <Position Key="Shower" offset="1.05">
      <Key>Shower</Key>
      <X>3445.13257</X>
      <Y>4940.369</Y>
      <Z>36.0023956</Z>
      <Heading>128.145645</Heading>
      <Threshold>2</Threshold>
      <Description>lv 0 shower</Description>
    </Position>
    <Position Key="Shower" offset="1.05">
      <Key>Shower</Key>
      <X>3453.83032</X>
      <Y>4929.67</Y>
      <Z>31.7708244</Z>
      <Heading>36.659462</Heading>
      <Threshold>2</Threshold>
      <Description>No description</Description>
    </Position>
    <Position Key="Shower" offset="1.05">
      <Key>Shower</Key>
      <X>3454.539</X>
      <Y>4930.37451</Y>
      <Z>31.7710018</Z>
      <Heading>40.87572</Heading>
      <Threshold>2</Threshold>
      <Description>No description</Description>
    </Position>
    <Position Key="Shower" offset="1.05">
      <Key>Shower</Key>
      <X>3455.25269</X>
      <Y>4931.08838</Y>
      <Z>31.7708416</Z>
      <Heading>43.33274</Heading>
      <Threshold>2</Threshold>
      <Description>No description</Description>
    </Position>
    <Position Key="Shower" offset="1.05">
      <Key>Shower</Key>
      <X>3455.94067</X>
      <Y>4931.7583</Y>
      <Z>31.7715282</Z>
      <Heading>44.3850136</Heading>
      <Threshold>2</Threshold>
      <Description>No description</Description>
    </Position>
  </Showers>
  <Tvs>
    <Position Key="tv_-842227817" renderer="tvscreen" model="1036195894" modelName="prop_tv_flat_01">
      <Key>tv_-842227817</Key>
      <X>3456.26</X>
      <Y>4908.62</Y>
      <Z>40.2</Z>
      <Heading>315</Heading>
      <Threshold>4</Threshold>
      <Description>Tv model prop_tv_flat_01</Description>
    </Position>
    <Position Key="tv_-830370845" renderer="tvscreen" model="1194029334" modelName="prop_tv_flat_michael">
      <Key>tv_-830370845</Key>
      <X>3461.76</X>
      <Y>4904</Y>
      <Z>40.8</Z>
      <Heading>225</Heading>
      <Threshold>4</Threshold>
      <Description>Tv model prop_tv_flat_michael</Description>
    </Position>
    <Position Key="tv_-812130304" renderer="tvscreen" model="1194029334" modelName="prop_tv_flat_michael">
      <Key>tv_-812130304</Key>
      <X>3470</X>
      <Y>4912.2</Y>
      <Z>40.8</Z>
      <Heading>225</Heading>
      <Threshold>4</Threshold>
      <Description>Tv model prop_tv_flat_michael</Description>
    </Position>
    <Position Key="tv_-888566112" renderer="tvscreen" model="1194029334" modelName="prop_tv_flat_michael">
      <Key>tv_-888566112</Key>
      <X>3433.94</X>
      <Y>4948.26</Y>
      <Z>40.8</Z>
      <Heading>44.99999</Heading>
      <Threshold>4</Threshold>
      <Description>Tv model prop_tv_flat_michael</Description>
    </Position>
    <Position Key="tv_-906763735" renderer="tvscreen" model="1194029334" modelName="prop_tv_flat_michael">
      <Key>tv_-906763735</Key>
      <X>3425.72</X>
      <Y>4940.05</Y>
      <Z>40.8</Z>
      <Heading>44.99999</Heading>
      <Threshold>4</Threshold>
      <Description>Tv model prop_tv_flat_michael</Description>
    </Position>
    <Position Key="tv_-818570181" renderer="tvscreen" model="-1524180747" modelName="prop_monitor_w_large">
      <Key>tv_-818570181</Key>
      <X>3467.1</X>
      <Y>4914.718</Y>
      <Z>39.750946</Z>
      <Heading>225</Heading>
      <Threshold>4</Threshold>
      <Description>Tv model prop_monitor_w_large</Description>
    </Position>
    <Position Key="tv_-817648433" renderer="tvscreen" model="-1524180747" modelName="prop_monitor_w_large">
      <Key>tv_-817648433</Key>
      <X>3467.51</X>
      <Y>4915.43</Y>
      <Z>39.750946</Z>
      <Heading>255</Heading>
      <Threshold>4</Threshold>
      <Description>Tv model prop_monitor_w_large</Description>
    </Position>
    <Position Key="tv_-820128247" renderer="tvscreen" model="-1524180747" modelName="prop_monitor_w_large">
      <Key>tv_-820128247</Key>
      <X>3466.39</X>
      <Y>4914.31</Y>
      <Z>39.750946</Z>
      <Heading>195.000015</Heading>
      <Threshold>4</Threshold>
      <Description>Tv model prop_monitor_w_large</Description>
    </Position>
    <Position Key="tv_-914758566" renderer="prop_ex_computer_screen" model="743064848" modelName="ex_prop_monitor_01_ex">
      <Key>tv_-914758566</Key>
      <X>3422.32</X>
      <Y>4953.32</Y>
      <Z>36.02</Z>
      <Heading>225</Heading>
      <Threshold>4</Threshold>
      <Description>Tv model ex_prop_monitor_01_ex</Description>
    </Position>
    <Position Key="tv_312537029" renderer="ex_tvscreen" model="608950395" modelName="ex_prop_ex_tv_flat_01">
      <Key>tv_312537029</Key>
      <X>-3234.408</X>
      <Y>821.0096</Y>
      <Z>15.21014</Z>
      <Heading>211.9963</Heading>
      <Threshold>4</Threshold>
      <Description>Tv model ex_prop_ex_tv_flat_01</Description>
    </Position>
    <Position Key="tv_-825444665" renderer="ex_tvscreen" model="608950395" modelName="ex_prop_ex_tv_flat_01">
      <Key>tv_-825444665</Key>
      <X>3464.8</X>
      <Y>4891</Y>
      <Z>36.8</Z>
      <Heading>135</Heading>
      <Threshold>4</Threshold>
      <Description>Tv model ex_prop_ex_tv_flat_01</Description>
    </Position>
    <Position Key="tv_-793217742" renderer="ex_tvscreen" model="608950395" modelName="ex_prop_ex_tv_flat_01">
      <Key>tv_-793217742</Key>
      <X>3479.44</X>
      <Y>4901.76</Y>
      <Z>36.7946968</Z>
      <Heading>225</Heading>
      <Threshold>4</Threshold>
      <Description>Tv model ex_prop_ex_tv_flat_01</Description>
    </Position>
    <Position Key="tv_-911531273" renderer="ex_tvscreen" model="608950395" modelName="ex_prop_ex_tv_flat_01">
      <Key>tv_-911531273</Key>
      <X>3423.92</X>
      <Y>4943.9</Y>
      <Z>36.8</Z>
      <Heading>135</Heading>
      <Threshold>4</Threshold>
      <Description>Tv model ex_prop_ex_tv_flat_01</Description>
    </Position>
    <Position Key="tv_-824337551" renderer="ex_tvscreen" model="608950395" modelName="ex_prop_ex_tv_flat_01">
      <Key>tv_-824337551</Key>
      <X>3464.36</X>
      <Y>4915.04</Y>
      <Z>40.34</Z>
      <Heading>315</Heading>
      <Threshold>4</Threshold>
      <Description>Tv model ex_prop_ex_tv_flat_01</Description>
    </Position>
    <Position Key="tv_-809470866" renderer="ex_tvscreen" model="608950395" modelName="ex_prop_ex_tv_flat_01">
      <Key>tv_-809470866</Key>
      <X>3472</X>
      <Y>4898.92</Y>
      <Z>36.8</Z>
      <Heading>315</Heading>
      <Threshold>4</Threshold>
      <Description>Tv model ex_prop_ex_tv_flat_01</Description>
    </Position>
    <Position Key="tv_-837832235" renderer="ex_tvscreen" model="608950395" modelName="ex_prop_ex_tv_flat_01">
      <Key>tv_-837832235</Key>
      <X>3458.72</X>
      <Y>4907.7</Y>
      <Z>36.8</Z>
      <Heading>225</Heading>
      <Threshold>4</Threshold>
      <Description>Tv model ex_prop_ex_tv_flat_01</Description>
    </Position>
    <Position Key="tv_-830274060" renderer="ex_tvscreen" model="608950395" modelName="ex_prop_ex_tv_flat_01">
      <Key>tv_-830274060</Key>
      <X>3461.84</X>
      <Y>4925.3</Y>
      <Z>36.68</Z>
      <Heading>225</Heading>
      <Threshold>4</Threshold>
      <Description>Tv model ex_prop_ex_tv_flat_01</Description>
    </Position>
    <Position Key="tv_-832946426" renderer="ex_tvscreen" model="608950395" modelName="ex_prop_ex_tv_flat_01">
      <Key>tv_-832946426</Key>
      <X>3460.66</X>
      <Y>4923.3</Y>
      <Z>36.6</Z>
      <Heading>44.99999</Heading>
      <Threshold>4</Threshold>
      <Description>Tv model ex_prop_ex_tv_flat_01</Description>
    </Position>
    <Position Key="tv_-837441649" renderer="ex_tvscreen" model="608950395" modelName="ex_prop_ex_tv_flat_01">
      <Key>tv_-837441649</Key>
      <X>3459.14</X>
      <Y>4896.676</Y>
      <Z>36.8</Z>
      <Heading>135</Heading>
      <Threshold>4</Threshold>
      <Description>Tv model ex_prop_ex_tv_flat_01</Description>
    </Position>
    <Position Key="tv_-831378946" renderer="ex_tvscreen" model="608950395" modelName="ex_prop_ex_tv_flat_01">
      <Key>tv_-831378946</Key>
      <X>3462</X>
      <Y>4893.8</Y>
      <Z>36.8035774</Z>
      <Heading>135</Heading>
      <Threshold>4</Threshold>
      <Description>Tv model ex_prop_ex_tv_flat_01</Description>
    </Position>
    <Position Key="tv_-920368451" renderer="prop_x17_tv_ceil_scn_01" model="1503218008" modelName="xm_prop_x17_tv_ceiling_01">
      <Key>tv_-920368451</Key>
      <X>3419.525</X>
      <Y>4949</Y>
      <Z>38.5</Z>
      <Heading>159.999985</Heading>
      <Threshold>4</Threshold>
      <Description>Tv model xm_prop_x17_tv_ceiling_01</Description>
    </Position>
  </Tvs>
</Root>