﻿<?xml version="1.0" encoding="utf-8"?>
<Root>
  <Security>
    <Position>
      <Key>security-spot_257424119</Key>
      <X>-3212.863</X>
      <Y>816.1229</Y>
      <Z>8.927077</Z>
      <Heading>292.7042</Heading>
      <Threshold>2</Threshold>
      <Description></Description>
    </Position>
    <Position>
      <Key>security-spot_262119626</Key>
      <X>-3214.512</X>
      <Y>819.1066</Y>
      <Z>8.925443</Z>
      <Heading>316.7701</Heading>
      <Threshold>2</Threshold>
      <Description></Description>
    </Position>
    <Position>
      <Key>security-spot_280381196</Key>
      <X>-3228.329</X>
      <Y>788.1143</Y>
      <Z>8.927073</Z>
      <Heading>101.5882</Heading>
      <Threshold>2</Threshold>
      <Description></Description>
    </Position>
    <Position>
      <Key>security-spot_179320703</Key>
      <X>-3192.12</X>
      <Y>766.6608</Y>
      <Z>2.770149</Z>
      <Heading>237.9976</Heading>
      <Threshold>2</Threshold>
      <Description></Description>
    </Position>
    <Position>
      <Key>security-spot_264909330</Key>
      <X>-3216.442</X>
      <Y>844.8264</Y>
      <Z>3.58871</Z>
      <Heading>355.1065</Heading>
      <Threshold>2</Threshold>
      <Description></Description>
    </Position>
    <Position>
      <Key>security-spot_337449299</Key>
      <X>-3246.576</X>
      <Y>826.8088</Y>
      <Z>11.74028</Z>
      <Heading>295.9624</Heading>
      <Threshold>2</Threshold>
      <Description></Description>
    </Position>
    <Position>
      <Key>security-spot_228253964</Key>
      <X>-3208.091</X>
      <Y>758.2849</Y>
      <Z>11.75462</Z>
      <Heading>295.5111</Heading>
      <Threshold>2</Threshold>
      <Description></Description>
    </Position>
    <Position>
      <Key>security-spot_231250782</Key>
      <X>-3258.799</X>
      <Y>810.6132</Y>
      <Z>8.927089</Z>
      <Heading>250.4321</Heading>
      <Threshold>2</Threshold>
      <Description></Description>
    </Position>
    <Position>
      <Key>security-spot_218653880</Key>
      <X>-3198.497</X>
      <Y>781.4894</Y>
      <Z>14.08525</Z>
      <Heading>214.2131</Heading>
      <Threshold>2</Threshold>
      <Description></Description>
    </Position>
    <Position>
      <Key>security-spot_79145360</Key>
      <X>-3128.397</X>
      <Y>806.9017</Y>
      <Z>17.52459</Z>
      <Heading>267.2593</Heading>
      <Threshold>2</Threshold>
      <Description></Description>
    </Position>
    <Position>
      <Key>security-spot_67736556</Key>
      <X>-3124.506</X>
      <Y>798.4818</Y>
      <Z>17.89603</Z>
      <Heading>303.6799</Heading>
      <Threshold>2</Threshold>
      <Description></Description>
    </Position>
  </Security>
  <closets>
    <Position>
      <Key>closet-spot_268786631</Key>
      <X>-3218.257</X>
      <Y>800.860657</Y>
      <Z>14.1018066</Z>
      <Heading>0</Heading>
      <Threshold>2</Threshold>
      <Description></Description>
    </Position>
    <Position>
      <Key>closet-spot_255504889</Key>
      <X>-3213.49</X>
      <Y>793.025635</Y>
      <Z>14.1018057</Z>
      <Heading>0</Heading>
      <Threshold>2</Threshold>
      <Description></Description>
    </Position>
    <Position>
      <Key>closet-spot_228777096</Key>
      <X>-3202.53149</X>
      <Y>785.1751</Y>
      <Z>14.0781832</Z>
      <Heading>0</Heading>
      <Threshold>2</Threshold>
      <Description></Description>
    </Position>
    <Position>
      <Key>closet-spot_262580313</Key>
      <X>-3218.2334</X>
      <Y>784.5292</Y>
      <Z>14.1010628</Z>
      <Heading>0</Heading>
      <Threshold>2</Threshold>
      <Description></Description>
    </Position>
    <Position>
      <Key>closet-spot_282214611</Key>
      <X>-3224.44043</X>
      <Y>815.337952</Y>
      <Z>8.927636</Z>
      <Heading>0</Heading>
      <Threshold>2</Threshold>
      <Description></Description>
    </Position>
  </closets>
  <PointOfInterest>
    <Position Key="Poi_298328639" actions="sit,smoke,drink-whiskey">
      <Key>Poi_298328639</Key>
      <X>-3234.1853</X>
      <Y>801.992859</Y>
      <Z>8.954197</Z>
      <Heading>350.6725</Heading>
      <Threshold>2</Threshold>
      <Description>Red chair 1</Description>
    </Position>
    <Position Key="Poi_297833080" actions="sit,smoke,drink-whiskey">
      <Key>Poi_297833080</Key>
      <X>-3233.34668</X>
      <Y>805.4999</Y>
      <Z>8.954196</Z>
      <Heading>184.981766</Heading>
      <Threshold>2</Threshold>
      <Description>Red chair 2</Description>
    </Position>
    <Position Key="Poi_301393813" actions="sit,smoke,drink-whiskey">
      <Key>Poi_301393813</Key>
      <X>-3235.278</X>
      <Y>803.843445</Y>
      <Z>8.954206</Z>
      <Heading>275.609222</Heading>
      <Threshold>2</Threshold>
      <Description>Red chair 3</Description>
    </Position>
    <Position Key="Poi_268388435" actions="sit,smoke,drink-whiskey">
      <Key>Poi_268388435</Key>
      <X>-3221.66016</X>
      <Y>794.6194</Y>
      <Z>8.932877</Z>
      <Heading>322.994141</Heading>
      <Threshold>2</Threshold>
      <Description>lv0 : black chair 1</Description>
    </Position>
    <Position Key="Poi_265379227" actions="sit,smoke,drink-whiskey">
      <Key>Poi_265379227</Key>
      <X>-3219.82056</X>
      <Y>797.1615</Y>
      <Z>8.933473</Z>
      <Heading>149.307983</Heading>
      <Threshold>2</Threshold>
      <Description>lv0 : white chair 2</Description>
    </Position>
    <Position Key="Poi_269357677" actions="sit,smoke,drink-whiskey">
      <Key>Poi_269357677</Key>
      <X>-3221.76123</X>
      <Y>796.5783</Y>
      <Z>8.944369</Z>
      <Heading>236.280548</Heading>
      <Threshold>2</Threshold>
      <Description>lv 0 black chair 3</Description>
    </Position>
    <Position Key="Poi_226812557" actions="sit">
      <Key>Poi_226812557</Key>
      <X>-3202.81079</X>
      <Y>792.6878</Y>
      <Z>8.927637</Z>
      <Heading>121.878448</Heading>
      <Threshold>2</Threshold>
      <Description>lv0 : toilet mc donald</Description>
    </Position>
    <Position Key="Poi_252328691" actions="sit,smoke,drink-whiskey">
      <Key>Poi_252328691</Key>
      <X>-3214.53369</X>
      <Y>792.993347</Y>
      <Z>8.92764</Z>
      <Heading>299.825562</Heading>
      <Threshold>2</Threshold>
      <Description>lv0 : black bench right</Description>
    </Position>
    <Position Key="Poi_251356939" actions="sit,smoke,drink-whiskey">
      <Key>Poi_251356939</Key>
      <X>-3214.28955</X>
      <Y>791.8184</Y>
      <Z>8.927638</Z>
      <Heading>299.5462</Heading>
      <Threshold>2</Threshold>
      <Description>lv0 : black bench middlle</Description>
    </Position>
    <Position Key="Poi_246115097" actions="sit,smoke,drink-whiskey">
      <Key>Poi_246115097</Key>
      <X>-3214.27612</X>
      <Y>779.8127</Y>
      <Z>8.270937</Z>
      <Heading>75.29982</Heading>
      <Threshold>2</Threshold>
      <Description>lv0: living room black chair</Description>
    </Position>
    <Position Key="Poi_260778612" actions="sit,smoke,drink-whiskey,lie-down">
      <Key>Poi_260778612</Key>
      <X>-3219.304</X>
      <Y>789.8378</Y>
      <Z>8.262824</Z>
      <Heading>179.512833</Heading>
      <Threshold>2</Threshold>
      <Description>lv0 : White Egg chair</Description>
    </Position>
    <Position Key="Poi_303672323" actions="sit,smoke,drink-whiskey,lie-down">
      <Key>Poi_303672323</Key>
      <X>-3240.91357</X>
      <Y>777.5613</Y>
      <Z>8.927088</Z>
      <Heading>321.0428</Heading>
      <Threshold>2</Threshold>
      <Description>Outdorr transat white</Description>
    </Position>
    <Position Key="Poi_311194793" actions="sit,smoke,drink-whiskey">
      <Key>Poi_311194793</Key>
      <X>-3243.93774</X>
      <Y>780.1347</Y>
      <Z>8.927086</Z>
      <Heading>299.193756</Heading>
      <Threshold>2</Threshold>
      <Description>outdoor bench</Description>
    </Position>
    <Position Key="Poi_330846273" actions="sit,smoke,drink-whiskey,lie-down">
      <Key>Poi_330846273</Key>
      <X>-3250.76074</X>
      <Y>793.051636</Y>
      <Z>8.92709</Z>
      <Heading>313.443024</Heading>
      <Threshold>2</Threshold>
      <Description>outdoor transat white 2</Description>
    </Position>
    <Position Key="Poi_333364908" actions="sit,smoke,drink-whiskey,lie-down">
      <Key>Poi_333364908</Key>
      <X>-3251.686</X>
      <Y>794.4149</Y>
      <Z>8.927087</Z>
      <Heading>289.771729</Heading>
      <Threshold>2</Threshold>
      <Description>Outdoor transat white 3</Description>
    </Position>
    <Position Key="Poi_337388483" actions="sit">
      <Key>Poi_337388483</Key>
      <X>-3251.98535</X>
      <Y>804.2208</Y>
      <Z>8.621676</Z>
      <Heading>217.5723</Heading>
      <Threshold>2</Threshold>
      <Description>Jaccuzzi sit left</Description>
    </Position>
    <Position Key="Poi_333870008" actions="sit">
      <Key>Poi_333870008</Key>
      <X>-3250.582</X>
      <Y>802.9519</Y>
      <Z>8.622539</Z>
      <Heading>88.7351</Heading>
      <Threshold>2</Threshold>
      <Description>Jacuzzi sit right</Description>
    </Position>
    <Position Key="Poi_335631879" actions="sit">
      <Key>Poi_335631879</Key>
      <X>-3251.61548</X>
      <Y>801.685242</Y>
      <Z>8.622258</Z>
      <Heading>37.86998</Heading>
      <Threshold>2</Threshold>
      <Description>Jaccuzzi sit immediate right</Description>
    </Position>
    <Position Key="Poi_285758599" actions="sit,smoke,drink-whiskey">
      <Key>Poi_285758599</Key>
      <X>-3232.855</X>
      <Y>776.3562</Y>
      <Z>8.928633</Z>
      <Heading>154.1287</Heading>
      <Threshold>2</Threshold>
      <Description>outdoor veranda chair 1</Description>
    </Position>
    <Position Key="Poi_283128388" actions="sit,smoke,drink-whiskey">
      <Key>Poi_283128388</Key>
      <X>-3231.81982</X>
      <Y>775.328552</Y>
      <Z>8.928633</Z>
      <Heading>103.822418</Heading>
      <Threshold>2</Threshold>
      <Description>outdorr veranda chair 2</Description>
    </Position>
    <Position Key="Poi_282873110" actions="sit,smoke,drink-whiskey">
      <Key>Poi_282873110</Key>
      <X>-3231.95166</X>
      <Y>773.893066</Y>
      <Z>8.928632</Z>
      <Heading>56.7566566</Heading>
      <Threshold>2</Threshold>
      <Description>Out door veranda chair 3</Description>
    </Position>
    <Position Key="Poi_286289622" actions="sit,smoke,drink-whiskey">
      <Key>Poi_286289622</Key>
      <X>-3233.63916</X>
      <Y>773.256348</Y>
      <Z>8.928632</Z>
      <Heading>350.3039</Heading>
      <Threshold>2</Threshold>
      <Description>outdoor veranda chair 4</Description>
    </Position>
    <Position Key="Poi_289243673" actions="sit,smoke,drink-whiskey">
      <Key>Poi_289243673</Key>
      <X>-3234.794</X>
      <Y>774.449341</Y>
      <Z>8.930847</Z>
      <Heading>264.3133</Heading>
      <Threshold>2</Threshold>
      <Description>outdorr veranda chair 5</Description>
    </Position>
    <Position Key="Poi_288519803" actions="sit,smoke,drink-whiskey">
      <Key>Poi_288519803</Key>
      <X>-3234.194</X>
      <Y>775.9837</Y>
      <Z>8.92864</Z>
      <Heading>225.276855</Heading>
      <Threshold>2</Threshold>
      <Description>outdorr verand chair 6</Description>
    </Position>
    <Position Key="Poi_341658272" actions="sit,smoke,drink-whiskey">
      <Key>Poi_341658272</Key>
      <X>-3254.69775</X>
      <Y>799.1056</Y>
      <Z>8.92711</Z>
      <Heading>311.321625</Heading>
      <Threshold>2</Threshold>
      <Description>outdoor transat 1</Description>
    </Position>
    <Position Key="Poi_352223744" actions="sit,smoke,drink-whiskey">
      <Key>Poi_352223744</Key>
      <X>-3258.75977</X>
      <Y>803.7866</Y>
      <Z>8.927117</Z>
      <Heading>316.491333</Heading>
      <Threshold>2</Threshold>
      <Description>outdoor bench 2 </Description>
    </Position>
    <Position Key="Poi_283745463" actions="sit,smoke,drink-whiskey">
      <Key>Poi_283745463</Key>
      <X>-3223.23364</X>
      <Y>826.340942</Y>
      <Z>8.927083</Z>
      <Heading>36.114048</Heading>
      <Threshold>2</Threshold>
      <Description>Parking spot bench 1</Description>
    </Position>
    <Position Key="Poi_176880811" actions="sit,smoke,drink-whiskey">
      <Key>Poi_176880811</Key>
      <X>-3175.32129</X>
      <Y>810.3076</Y>
      <Z>11.7813721</Z>
      <Heading>166.52533</Heading>
      <Threshold>2</Threshold>
      <Description>basket ball bench</Description>
    </Position>
    <Position Key="Poi_198807400" actions="sit,smoke,drink-whiskey">
      <Key>Poi_198807400</Key>
      <X>-3192.711</X>
      <Y>776.446167</Y>
      <Z>8.927077</Z>
      <Heading>25.9473686</Heading>
      <Threshold>2</Threshold>
      <Description>mini golf bench</Description>
    </Position>
    <Position Key="Poi_266955275" actions="sit,smoke,drink-whiskey">
      <Key>Poi_266955275</Key>
      <X>-3219.3042</X>
      <Y>802.527649</Y>
      <Z>9.592441</Z>
      <Heading>253.039932</Heading>
      <Threshold>2</Threshold>
      <Description>black chair second living room</Description>
    </Position>
    <Position Key="Poi_272861596" actions="sit,smoke,drink-whiskey">
      <Key>Poi_272861596</Key>
      <X>-3218.339</X>
      <Y>811.2685</Y>
      <Z>14.07817</Z>
      <Heading>29.316906</Heading>
      <Threshold>2</Threshold>
      <Description>lv1 : red chair 1</Description>
    </Position>
    <Position Key="Poi_275468150" actions="sit,smoke,drink-whiskey">
      <Key>Poi_275468150</Key>
      <X>-3219.6897</X>
      <Y>810.4196</Y>
      <Z>14.0781794</Z>
      <Heading>25.0373764</Heading>
      <Threshold>2</Threshold>
      <Description>lv1 red chair 2</Description>
    </Position>
    <Position Key="Poi_279372055" actions="sit,smoke,drink-whiskey">
      <Key>Poi_279372055</Key>
      <X>-3220.87671</X>
      <Y>813.9541</Y>
      <Z>14.0781794</Z>
      <Heading>178.407455</Heading>
      <Threshold>2</Threshold>
      <Description>lv1 red couch</Description>
    </Position>
    <Position Key="Poi_286631581" actions="sit,smoke,drink-whiskey">
      <Key>Poi_286631581</Key>
      <X>-3223.47217</X>
      <Y>818.296143</Y>
      <Z>14.0777092</Z>
      <Heading>147.6411</Heading>
      <Threshold>2</Threshold>
      <Description>studio chair 1</Description>
    </Position>
    <Position Key="Poi_284893588" actions="sit,smoke,drink-whiskey">
      <Key>Poi_284893588</Key>
      <X>-3222.83862</X>
      <Y>817.3262</Y>
      <Z>14.0779743</Z>
      <Heading>64.13104</Heading>
      <Threshold>2</Threshold>
      <Description>Studio chair 2</Description>
    </Position>
    <Position Key="Poi_287007046" actions="sit,smoke,drink-whiskey">
      <Key>Poi_287007046</Key>
      <X>-3223.90576</X>
      <Y>816.8004</Y>
      <Z>14.0779409</Z>
      <Heading>351.6207</Heading>
      <Threshold>2</Threshold>
      <Description>studio chair 3</Description>
    </Position>
    <Position Key="Poi_294865059" actions="sit,smoke,drink-whiskey">
      <Key>Poi_294865059</Key>
      <X>-3228.273</X>
      <Y>812.531067</Y>
      <Z>14.0812254</Z>
      <Heading>122.68026</Heading>
      <Threshold>2</Threshold>
      <Description>Studio toilet</Description>
    </Position>
    <Position Key="Poi_291238434" actions="sit,smoke,drink-whiskey">
      <Key>Poi_291238434</Key>
      <X>-3228.87866</X>
      <Y>799.432739</Y>
      <Z>14.0781689</Z>
      <Heading>306.202423</Heading>
      <Threshold>2</Threshold>
      <Description>lv1 bench black</Description>
    </Position>
    <Position Key="Poi_281271418" actions="sit,smoke,drink-whiskey">
      <Key>Poi_281271418</Key>
      <X>-3223.91919</X>
      <Y>801.5002</Y>
      <Z>14.0781794</Z>
      <Heading>248.924713</Heading>
      <Threshold>2</Threshold>
      <Description>lv1 chair black entry</Description>
    </Position>
    <Position Key="Poi_267370524" actions="sit,smoke,drink-whiskey">
      <Key>Poi_267370524</Key>
      <X>-3217.09351</X>
      <Y>803.7933</Y>
      <Z>14.1018095</Z>
      <Heading>220.301453</Heading>
      <Threshold>2</Threshold>
      <Description>Bench front tv</Description>
    </Position>
    <Position Key="Poi_265628338" actions="sit,smoke,drink-whiskey">
      <Key>Poi_265628338</Key>
      <X>-3215.8</X>
      <Y>806.673157</Y>
      <Z>14.0781813</Z>
      <Heading>141.438263</Heading>
      <Threshold>2</Threshold>
      <Description>Chair room 1</Description>
    </Position>
    <Position Key="Poi_272018244" actions="sit,smoke,drink-whiskey">
      <Key>Poi_272018244</Key>
      <X>-3220.78</X>
      <Y>809.327148</Y>
      <Z>8.927629</Z>
      <Heading>41.19699</Heading>
      <Threshold>2</Threshold>
      <Description>White chair entry</Description>
    </Position>
    <Position Key="Poi_305265562" actions="sit,smoke,drink-whiskey">
      <Key>Poi_305265562</Key>
      <X>-3233.1167</X>
      <Y>812.287842</Y>
      <Z>14.0781717</Z>
      <Heading>86.32314</Heading>
      <Threshold>2</Threshold>
      <Description>Boss chair desk</Description>
    </Position>
    <Position Key="Poi_311144267" actions="sit,smoke,drink-whiskey">
      <Key>Poi_311144267</Key>
      <X>-3236.42358</X>
      <Y>808.8736</Y>
      <Z>14.0781689</Z>
      <Heading>41.57231</Heading>
      <Threshold>2</Threshold>
      <Description>office chair 1</Description>
    </Position>
    <Position Key="Poi_316673295" actions="sit,smoke,drink-whiskey">
      <Key>Poi_316673295</Key>
      <X>-3238.64355</X>
      <Y>810.7811</Y>
      <Z>14.07818</Z>
      <Heading>264.281677</Heading>
      <Threshold>2</Threshold>
      <Description>Office chair 2</Description>
    </Position>
    <Position Key="Poi_313577817" actions="sit,smoke,drink-whiskey">
      <Key>Poi_313577817</Key>
      <X>-3237.08813</X>
      <Y>811.5103</Y>
      <Z>14.07818</Z>
      <Heading>167.574249</Heading>
      <Threshold>2</Threshold>
      <Description>Office chair 3</Description>
    </Position>
    <Position Key="Poi_268213604" actions="sit,smoke,drink-whiskey">
      <Key>Poi_268213604</Key>
      <X>-3219.18433</X>
      <Y>794.0741</Y>
      <Z>14.0781784</Z>
      <Heading>292.3598</Heading>
      <Threshold>2</Threshold>
      <Description>lv1: Bench corridor</Description>
    </Position>
    <Position Key="Poi_253588141" actions="sit,smoke,drink-whiskey">
      <Key>Poi_253588141</Key>
      <X>-3212.05786</X>
      <Y>796.1739</Y>
      <Z>14.1018085</Z>
      <Heading>212.2903</Heading>
      <Threshold>2</Threshold>
      <Description>Bench room 2</Description>
    </Position>
    <Position Key="Poi_251760326" actions="sit,smoke,drink-whiskey">
      <Key>Poi_251760326</Key>
      <X>-3210.74536</X>
      <Y>798.936035</Y>
      <Z>14.07818</Z>
      <Heading>135.58</Heading>
      <Threshold>2</Threshold>
      <Description>lv1 : black chair room 2</Description>
    </Position>
    <Position Key="Poi_244937212" actions="sit,smoke,drink-whiskey">
      <Key>Poi_244937212</Key>
      <X>-3208.57544</X>
      <Y>793.3066</Y>
      <Z>14.0781775</Z>
      <Heading>27.3095856</Heading>
      <Threshold>2</Threshold>
      <Description>toilet room 2</Description>
    </Position>
    <Position Key="Poi_252045889" actions="sit,smoke,drink-whiskey">
      <Key>Poi_252045889</Key>
      <X>-3212.56567</X>
      <Y>789.227051</Y>
      <Z>14.0781755</Z>
      <Heading>151.28624</Heading>
      <Threshold>2</Threshold>
      <Description>lv1 : bench 2 corridor</Description>
    </Position>
    <Position Key="Poi_230122271" actions="sit,smoke,drink-whiskey">
      <Key>Poi_230122271</Key>
      <X>-3202.97852</X>
      <Y>786.174438</Y>
      <Z>14.07818</Z>
      <Heading>66.65473</Heading>
      <Threshold>2</Threshold>
      <Description>Black chair room 3</Description>
    </Position>
    <Position Key="Poi_240835432" actions="sit,smoke,drink-whiskey">
      <Key>Poi_240835432</Key>
      <X>-3207.12427</X>
      <Y>790.7659</Y>
      <Z>14.0781717</Z>
      <Heading>209.4288</Heading>
      <Threshold>2</Threshold>
      <Description>lv1 toilet room 3</Description>
    </Position>
    <Position Key="Poi_250859484" actions="sit,smoke,drink-whiskey">
      <Key>Poi_250859484</Key>
      <X>-3213.02271</X>
      <Y>783.450745</Y>
      <Z>14.0781794</Z>
      <Heading>172.6997</Heading>
      <Threshold>2</Threshold>
      <Description>Red chair master bedroom</Description>
    </Position>
    <Position Key="Poi_247378546" actions="sit,smoke,drink-whiskey">
      <Key>Poi_247378546</Key>
      <X>-3212.58447</X>
      <Y>776.6721</Y>
      <Z>14.1001329</Z>
      <Heading>125.62429</Heading>
      <Threshold>2</Threshold>
      <Description>Red chair 2 master bedroom</Description>
    </Position>
    <Position Key="Poi_249002323" actions="sit,smoke,drink-whiskey">
      <Key>Poi_249002323</Key>
      <X>-3213.598</X>
      <Y>775.153931</Y>
      <Z>14.1001329</Z>
      <Heading>329.598969</Heading>
      <Threshold>2</Threshold>
      <Description>Red chair 3 master bedroom</Description>
    </Position>
    <Position Key="Poi_266888254" actions="sit,smoke,drink-whiskey">
      <Key>Poi_266888254</Key>
      <X>-3221.57959</X>
      <Y>776.760742</Y>
      <Z>14.0866251</Z>
      <Heading>131.575958</Heading>
      <Threshold>2</Threshold>
      <Description>white transat master bedroom</Description>
    </Position>
    <Position Key="Poi_230052147" actions="sit,smoke,drink-whiskey">
      <Key>Poi_230052147</Key>
      <X>-3205.091</X>
      <Y>771.9011</Y>
      <Z>14.7753935</Z>
      <Heading>304.061462</Heading>
      <Threshold>2</Threshold>
      <Description>lv ter white chair breakfast</Description>
    </Position>
    <Position Key="Poi_226874950" actions="sit,smoke,drink-whiskey">
      <Key>Poi_226874950</Key>
      <X>-3203.40234</X>
      <Y>773.179932</Y>
      <Z>14.7753935</Z>
      <Heading>127.155891</Heading>
      <Threshold>2</Threshold>
      <Description>lv1 ter Chair 2 breakfast</Description>
    </Position>
    <Position Key="Poi_331123584" actions="sit,smoke,drink-whiskey,lie-down">
      <Key>Poi_331123584</Key>
      <X>-3246.92285</X>
      <Y>801.5233</Y>
      <Z>14.0776854</Z>
      <Heading>124.170387</Heading>
      <Threshold>2</Threshold>
      <Description>ter : white transat</Description>
    </Position>
    <Position Key="Poi_334732158" actions="sit,smoke,drink-whiskey,lie-down">
      <Key>Poi_334732158</Key>
      <X>-3248.234</X>
      <Y>803.5609</Y>
      <Z>14.0776968</Z>
      <Heading>132.9484</Heading>
      <Threshold>2</Threshold>
      <Description>ter white transat 3</Description>
    </Position>
    <Position Key="Poi_333204097" actions="sit,smoke,drink-whiskey">
      <Key>Poi_333204097</Key>
      <X>-3245.35352</X>
      <Y>816.068054</Y>
      <Z>14.0776873</Z>
      <Heading>239.369415</Heading>
      <Threshold>2</Threshold>
      <Description>ter bench</Description>
    </Position>
    <Position Key="Poi_320933098" actions="sit,smoke,drink-whiskey,lie-down">
      <Key>Poi_320933098</Key>
      <X>-3237.849</X>
      <Y>824.8811</Y>
      <Z>14.7150888</Z>
      <Heading>196.986969</Heading>
      <Threshold>2</Threshold>
      <Description>ter couch tv</Description>
    </Position>
    <Position Key="Poi_321908690" actions="sit,smoke,drink-whiskey,lie-down">
      <Key>Poi_321908690</Key>
      <X>-3238.53662</X>
      <Y>823.5169</Y>
      <Z>14.71509</Z>
      <Heading>288.444031</Heading>
      <Threshold>2</Threshold>
      <Description>ter Couch tv position 2</Description>
    </Position>
    <Position Key="Poi_301374405" actions="sit,smoke,drink-whiskey">
      <Key>Poi_301374405</Key>
      <X>-3228.00073</X>
      <Y>831.38</Y>
      <Z>14.0776949</Z>
      <Heading>205.365417</Heading>
      <Threshold>2</Threshold>
      <Description>ter : bench front</Description>
    </Position>
    <Position Key="Poi_217608543" actions="sit,smoke,drink-whiskey">
      <Key>Poi_217608543</Key>
      <X>-3196.52148</X>
      <Y>790.096</Y>
      <Z>14.0776949</Z>
      <Heading>30.5298786</Heading>
      <Threshold>2</Threshold>
      <Description>ter front chair 1</Description>
    </Position>
    <Position Key="Poi_220696431" actions="sit,smoke,drink-whiskey">
      <Key>Poi_220696431</Key>
      <X>-3198.13257</X>
      <Y>789.0266</Y>
      <Z>14.0776949</Z>
      <Heading>26.8278</Heading>
      <Threshold>2</Threshold>
      <Description>ter front chair 2</Description>
    </Position>
    <Position Key="Poi_220159358" actions="sit,smoke,drink-whiskey">
      <Key>Poi_220159358</Key>
      <X>-3197.47339</X>
      <Y>791.391663</Y>
      <Z>14.0776949</Z>
      <Heading>212.266571</Heading>
      <Threshold>2</Threshold>
      <Description>ter front chair 3</Description>
    </Position>
    <Position Key="Poi_223248628" actions="sit,smoke,drink-whiskey">
      <Key>Poi_223248628</Key>
      <X>-3199.07178</X>
      <Y>790.3989</Y>
      <Z>14.0776968</Z>
      <Heading>212.8</Heading>
      <Threshold>2</Threshold>
      <Description>ter front chair 3</Description>
    </Position>
    <Position Key="Poi_166901013" actions="sit,smoke,drink-whiskey">
      <Key>Poi_166901013</Key>
      <X>-3171.80151</X>
      <Y>804.096558</Y>
      <Z>11.76928</Z>
      <Heading>92.37641</Heading>
      <Threshold>2</Threshold>
      <Description>transat basket</Description>
    </Position>
    <Position Key="Poi_292856754" actions="bbq,smoke,drink-whiskey">
      <Key>Poi_292856754</Key>
      <X>-3232.3667</X>
      <Y>798.0045</Y>
      <Z>8.927085</Z>
      <Heading>35.026825</Heading>
      <Threshold>2</Threshold>
      <Description>outdoor bbq</Description>
    </Position>
    <Position Key="Poi_279817684" actions="sit,smoke,drink-whiskey">
      <Key>Poi_279817684</Key>
      <X>-3223.00952</X>
      <Y>817.204956</Y>
      <Z>8.927631</Z>
      <Heading>36.4333458</Heading>
      <Threshold>2</Threshold>
      <Description>Couch indoor pool</Description>
    </Position>
    <Position Key="Poi_309590494" actions="sit,smoke,drink-whiskey">
      <Key>Poi_309590494</Key>
      <X>-3238.379</X>
      <Y>807.7462</Y>
      <Z>8.961135</Z>
      <Heading>307.478271</Heading>
      <Threshold>2</Threshold>
      <Description>Indoor pool droite</Description>
    </Position>
    <Position Key="Poi_308012245" actions="sit,smoke,drink-whiskey">
      <Key>Poi_308012245</Key>
      <X>-3237.57715</X>
      <Y>808.1674</Y>
      <Z>8.961059</Z>
      <Heading>112.287865</Heading>
      <Threshold>2</Threshold>
      <Description>Pool indoor Jacuzzi left</Description>
    </Position>
    <Position Key="Poi_260428986" actions="sit,smoke,drink-whiskey">
      <Key>Poi_260428986</Key>
      <X>-3225.74316</X>
      <Y>764.9079</Y>
      <Z>5.79128361</Z>
      <Heading>298.288879</Heading>
      <Threshold>2</Threshold>
      <Description>Indoor beach bench 1</Description>
    </Position>
    <Position Key="Poi_255329283" actions="sit,smoke,drink-whiskey">
      <Key>Poi_255329283</Key>
      <X>-3223.45972</X>
      <Y>764.504639</Y>
      <Z>5.791281</Z>
      <Heading>28.0555534</Heading>
      <Threshold>2</Threshold>
      <Description>Indoor Beach bench</Description>
    </Position>
    <Position Key="Poi_260481212" actions="sit,smoke,drink-whiskey">
      <Key>Poi_260481212</Key>
      <X>-3225.38623</X>
      <Y>767.0989</Y>
      <Z>5.79128027</Z>
      <Heading>205.6346</Heading>
      <Threshold>2</Threshold>
      <Description>Indoor beach bench 3</Description>
    </Position>
    <Position Key="Poi_237421943" actions="sit,smoke,drink-whiskey">
      <Key>Poi_237421943</Key>
      <X>-3215.95752</X>
      <Y>758.3759</Y>
      <Z>6.10494471</Z>
      <Heading>358.9907</Heading>
      <Threshold>2</Threshold>
      <Description>Jacuzzi outdoor </Description>
    </Position>
    <Position Key="Poi_194510458" actions="bbq,smoke,drink-whiskey">
      <Key>Poi_194510458</Key>
      <X>-3191.71143</X>
      <Y>770.7905</Y>
      <Z>8.927087</Z>
      <Heading>275.650177</Heading>
      <Threshold>2</Threshold>
      <Description>BBQ 2</Description>
    </Position>
    <Position Key="Poi_230616012" actions="sit,smoke,drink-whiskey">
      <Key>Poi_230616012</Key>
      <X>-3219.86865</X>
      <Y>751.8783</Y>
      <Z>1.99654257</Z>
      <Heading>207.082428</Heading>
      <Threshold>2</Threshold>
      <Description>Deck bench</Description>
    </Position>
    <Position Key="Poi_272744496" actions="sleep">
      <Key>Poi_272744496</Key>
      <X>-3219.47217</X>
      <Y>804.3769</Y>
      <Z>14.1018085</Z>
      <Heading>327.574524</Heading>
      <Threshold>2</Threshold>
      <Description>Bed room 1</Description>
    </Position>
    <Position Key="Poi_259182245" actions="sleep">
      <Key>Poi_259182245</Key>
      <X>-3214.568</X>
      <Y>796.585</Y>
      <Z>14.1018066</Z>
      <Heading>341.9149</Heading>
      <Threshold>2</Threshold>
      <Description>Bed room 2</Description>
    </Position>
    <Position Key="Poi_277359995" actions="sit-up">
      <Key>Poi_277359995</Key>
      <X>-3224.11133</X>
      <Y>789.974243</Y>
      <Z>14.0930538</Z>
      <Heading>123.247864</Heading>
      <Threshold>2</Threshold>
      <Description>Situps</Description>
    </Position>
    <Position Key="Poi_260482741" actions="sleep">
      <Key>Poi_260482741</Key>
      <X>-3217.99756</X>
      <Y>779.620361</Y>
      <Z>14.352108</Z>
      <Heading>333.7167</Heading>
      <Threshold>2</Threshold>
      <Description>Bed master room</Description>
    </Position>
    <Position Key="Poi_244746572">
      <Key>Poi_244746572</Key>
      <X>-3207.71753</X>
      <Y>812.067139</Y>
      <Z>8.927084</Z>
      <Heading>58.7500534</Heading>
      <Threshold>2</Threshold>
      <Description>BBQ</Description>
    </Position>
    <Position Key="Poi_231602509">
      <Key>Poi_231602509</Key>
      <X>-3203.67578</X>
      <Y>786.0275</Y>
      <Z>14.1018076</Z>
      <Heading>164.669022</Heading>
      <Threshold>2</Threshold>
      <Description></Description>
    </Position>
    <Position Key="Poi_244823920" actions="bbq">
      <Key>Poi_244823920</Key>
      <X>-3207.76831</X>
      <Y>811.9804</Y>
      <Z>8.927083</Z>
      <Heading>65.03231</Heading>
      <Threshold>2</Threshold>
      <Description>BBQ entry</Description>
    </Position>
    <Position Key="Poi_266714954" actions="sleep-right">
      <Key>Poi_266714954</Key>
      <X>-3216.411</X>
      <Y>805.978638</Y>
      <Z>14.1018085</Z>
      <Heading>81.9516754</Heading>
      <Threshold>2</Threshold>
      <Description>Bed</Description>
    </Position>
    <Position Key="Poi_254741938" actions="sleep-right">
      <Key>Poi_254741938</Key>
      <X>-3215.088</X>
      <Y>781.1166</Y>
      <Z>14.3521051</Z>
      <Heading>79.14175</Heading>
      <Threshold>2</Threshold>
      <Description>Bed master</Description>
    </Position>
    <Position Key="Poi_231072909" actions="sleep">
      <Key>Poi_231072909</Key>
      <X>-3203.38818</X>
      <Y>786.341553</Y>
      <Z>14.0781822</Z>
      <Heading>163.198929</Heading>
      <Threshold>2</Threshold>
      <Description>Bed room 2</Description>
    </Position>
    <Position Key="Poi_252927995" actions="sleep-right">
      <Key>Poi_252927995</Key>
      <X>-3211.37671</X>
      <Y>798.3387</Y>
      <Z>14.1018085</Z>
      <Heading>85.37714</Heading>
      <Threshold>2</Threshold>
      <Description>Bed room 1</Description>
    </Position>
    <Position Key="Poi_280844661">
      <Key>Poi_280844661</Key>
      <X>-3224.91</X>
      <Y>794.264343</Y>
      <Z>14.2243366</Z>
      <Heading>104.579987</Heading>
      <Threshold>2</Threshold>
      <Description></Description>
    </Position>
    <Position Key="Poi_273703108" actions="sit,smoke,drink-whiskey">
      <Key>Poi_273703108</Key>
      <X>-3220.57</X>
      <Y>815.005554</Y>
      <Z>8.92762852</Z>
      <Heading>223.907516</Heading>
      <Threshold>2</Threshold>
      <Description>First chair entry</Description>
    </Position>
    <Position Key="Poi_278948128" actions="jogging">
      <Key>Poi_278948128</Key>
      <X>-3224.26367</X>
      <Y>792.935852</Y>
      <Z>14.2284832</Z>
      <Heading>116.309265</Heading>
      <Threshold>2</Threshold>
      <Description>jogging</Description>
    </Position>
    <Position Key="Poi_281158926" actions="jogging">
      <Key>Poi_281158926</Key>
      <X>-3225.05713</X>
      <Y>794.242554</Y>
      <Z>14.227664</Z>
      <Heading>113.850273</Heading>
      <Threshold>2</Threshold>
      <Description>treadmill 2</Description>
    </Position>
    <Position Key="Poi_268894430" actions="push-ups">
      <Key>Poi_268894430</Key>
      <X>-3220.461</X>
      <Y>788.5403</Y>
      <Z>14.0781813</Z>
      <Heading>301.4</Heading>
      <Threshold>2</Threshold>
      <Description>gym pushup</Description>
    </Position>
    <Position Key="Poi_275020204" actions="bench-press">
      <Key>Poi_275020204</Key>
      <X>-3223.43652</X>
      <Y>787.686646</Y>
      <Z>14.0781813</Z>
      <Heading>210.8743</Heading>
      <Threshold>2</Threshold>
      <Description>Bench press</Description>
    </Position>
    <Position Key="Poi_256629810" actions="sit,smoke,drink-whiskey,lie-down">
      <Key>Poi_256629810</Key>
      <X>-3218.78076</X>
      <Y>781.8139</Y>
      <Z>8.2709465</Z>
      <Heading>218.907227</Heading>
      <Threshold>2</Threshold>
      <Description>No description</Description>
    </Position>
    <Position Key="Poi_254332593" actions="sit,smoke,drink-whiskey,lie-down">
      <Key>Poi_254332593</Key>
      <X>-3217.585</X>
      <Y>782.5936</Y>
      <Z>8.2709465</Z>
      <Heading>198.749527</Heading>
      <Threshold>2</Threshold>
      <Description>No description</Description>
    </Position>
    <Position Key="Poi_252182438" actions="sit,smoke,drink-whiskey,lie-down">
      <Key>Poi_252182438</Key>
      <X>-3216.61377</X>
      <Y>782.4721</Y>
      <Z>8.2709465</Z>
      <Heading>113.534409</Heading>
      <Threshold>2</Threshold>
      <Description>No description</Description>
    </Position>
    <Position Key="Poi_248939724" actions="sit,smoke,drink-whiskey,lie-down">
      <Key>Poi_248939724</Key>
      <X>-3215.8103</X>
      <Y>778.4869</Y>
      <Z>8.270934</Z>
      <Heading>2.390555</Heading>
      <Threshold>2</Threshold>
      <Description>No description</Description>
    </Position>
  </PointOfInterest>
  <Tvs>
    <Position Key="tv_245335514" renderer="tvscreen" model="-240931727" modelName="vw_prop_vw_cinema_tv_01">
      <Key>tv_245335514</Key>
      <X>-3211.638</X>
      <Y>773.5625</Y>
      <Z>15.2251873</Z>
      <Heading>212.508911</Heading>
      <Threshold>4</Threshold>
      <Description>Tv model vw_prop_vw_cinema_tv_01</Description>
    </Position>
    <Position Key="tv_267487127" renderer="tvscreen" model="-698352776" modelName="prop_tv_flat_03b">
      <Key>tv_267487127</Key>
      <X>-3217.555</X>
      <Y>813.555359</Y>
      <Z>9.751268</Z>
      <Heading>212.5089</Heading>
      <Threshold>4</Threshold>
      <Description>Tv model prop_tv_flat_03b</Description>
    </Position>
    <Position Key="tv_220995879" renderer="tvscreen" model="-698352776" modelName="prop_tv_flat_03b">
      <Key>tv_220995879</Key>
      <X>-3199.40942</X>
      <Y>781.5932</Y>
      <Z>14.3961506</Z>
      <Heading>212.508911</Heading>
      <Threshold>4</Threshold>
      <Description>Tv model prop_tv_flat_03b</Description>
    </Position>
    <Position Key="tv_242401860" renderer="tvscreen" model="-698352776" modelName="prop_tv_flat_03b">
      <Key>tv_242401860</Key>
      <X>-3209.46851</X>
      <Y>793.513855</Y>
      <Z>9.74035</Z>
      <Heading>122.5089</Heading>
      <Threshold>4</Threshold>
      <Description>Tv model prop_tv_flat_03b</Description>
    </Position>
    <Position Key="tv_240110485" renderer="tvscreen" model="-698352776" modelName="prop_tv_flat_03b">
      <Key>tv_240110485</Key>
      <X>-3208.6377</X>
      <Y>792.2104</Y>
      <Z>9.74035</Z>
      <Heading>122.5089</Heading>
      <Threshold>4</Threshold>
      <Description>Tv model prop_tv_flat_03b</Description>
    </Position>
    <Position Key="tv_239240489" renderer="tvscreen" model="-698352776" modelName="prop_tv_flat_03b">
      <Key>tv_239240489</Key>
      <X>-3208.571</X>
      <Y>776.724</Y>
      <Z>14.6138048</Z>
      <Heading>122.5089</Heading>
      <Threshold>4</Threshold>
      <Description>Tv model prop_tv_flat_03b</Description>
    </Position>
    <Position Key="tv_233252648" renderer="tvscreen" model="-698352776" modelName="prop_tv_flat_03b">
      <Key>tv_233252648</Key>
      <X>-3208.10547</X>
      <Y>778.0551</Y>
      <Z>9.387054</Z>
      <Heading>122.5089</Heading>
      <Threshold>4</Threshold>
      <Description>Tv model prop_tv_flat_03b</Description>
    </Position>
    <Position Key="tv_306126563" renderer="tvscreen" model="-698352776" modelName="prop_tv_flat_03b">
      <Key>tv_306126563</Key>
      <X>-3236.84985</X>
      <Y>806.1604</Y>
      <Z>9.387122</Z>
      <Heading>212.5089</Heading>
      <Threshold>4</Threshold>
      <Description>Tv model prop_tv_flat_03b</Description>
    </Position>
    <Position Key="tv_282508149" renderer="tvscreen" model="-698352776" modelName="prop_tv_flat_03b">
      <Key>tv_282508149</Key>
      <X>-3226.42651</X>
      <Y>803.198242</Y>
      <Z>9.466228</Z>
      <Heading>32.5089455</Heading>
      <Threshold>4</Threshold>
      <Description>Tv model prop_tv_flat_03b</Description>
    </Position>
    <Position Key="tv_308371813" renderer="prop_ex_computer_screen" model="743064848" modelName="ex_prop_monitor_01_ex">
      <Key>tv_308371813</Key>
      <X>-3234.54077</X>
      <Y>812.932556</Y>
      <Z>13.8661175</Z>
      <Heading>97.5089</Heading>
      <Threshold>4</Threshold>
      <Description>Tv model ex_prop_monitor_01_ex</Description>
    </Position>
    <Position Key="tv_312537029" renderer="ex_tvscreen" model="608950395" modelName="ex_prop_ex_tv_flat_01">
      <Key>tv_312537029</Key>
      <X>-3234.408</X>
      <Y>821.0096</Y>
      <Z>15.21014</Z>
      <Heading>211.9963</Heading>
      <Threshold>4</Threshold>
      <Description>Tv model ex_prop_ex_tv_flat_01</Description>
    </Position>
    <Position Key="tv_264156211" renderer="ex_tvscreen" model="608950395" modelName="ex_prop_ex_tv_flat_01">
      <Key>tv_264156211</Key>
      <X>-3217.072</X>
      <Y>805.5269</Y>
      <Z>10.4577694</Z>
      <Heading>32.5089455</Heading>
      <Threshold>4</Threshold>
      <Description>Tv model ex_prop_ex_tv_flat_01</Description>
    </Position>
    <Position Key="tv_313472250" renderer="ex_tvscreen" model="608950395" modelName="ex_prop_ex_tv_flat_01">
      <Key>tv_313472250</Key>
      <X>-3235.436</X>
      <Y>818.027954</Y>
      <Z>15.0491362</Z>
      <Heading>302.5089</Heading>
      <Threshold>4</Threshold>
      <Description>Tv model ex_prop_ex_tv_flat_01</Description>
    </Position>
    <Position Key="tv_274584078" renderer="ex_tvscreen" model="608950395" modelName="ex_prop_ex_tv_flat_01">
      <Key>tv_274584078</Key>
      <X>-3218.66162</X>
      <Y>813.3897</Y>
      <Z>14.2921085</Z>
      <Heading>302.5089</Heading>
      <Threshold>4</Threshold>
      <Description>Tv model ex_prop_ex_tv_flat_01</Description>
    </Position>
    <Position Key="tv_249168262" renderer="ex_tvscreen" model="608950395" modelName="ex_prop_ex_tv_flat_01">
      <Key>tv_249168262</Key>
      <X>-3203.40967</X>
      <Y>846.8744</Y>
      <Z>9.536872</Z>
      <Heading>345.722137</Heading>
      <Threshold>4</Threshold>
      <Description>Tv model ex_prop_ex_tv_flat_01</Description>
    </Position>
    <Position Key="tv_293540279" renderer="prop_x17_tv_ceil_scn_01" model="1503218008" modelName="xm_prop_x17_tv_ceiling_01">
      <Key>tv_293540279</Key>
      <X>-3227.907</X>
      <Y>804.837158</Y>
      <Z>16.6781025</Z>
      <Heading>302.5089</Heading>
      <Threshold>4</Threshold>
      <Description>Tv model xm_prop_x17_tv_ceiling_01</Description>
    </Position>
  </Tvs>
</Root>