﻿<?xml version="1.0" encoding="utf-8"?>
<Root>
  <Security>
    <Position>
      <Key>security-spot_-890161902</Key>
      <X>-691.6722</X>
      <Y>987.4978</Y>
      <Z>238.293</Z>
      <Heading>58.19703</Heading>
      <Threshold>2</Threshold>
      <Description></Description>
    </Position>
    <Position>
      <Key>security-spot_-1561388175</Key>
      <X>-616.5151</X>
      <Y>933.8922</Y>
      <Z>243.9521</Z>
      <Heading>168.069</Heading>
      <Threshold>2</Threshold>
      <Description></Description>
    </Position>
    <Position>
      <Key>security-spot_-1107175235</Key>
      <X>-668.0037</X>
      <Y>954.9993</Y>
      <Z>243.952</Z>
      <Heading>87.64476</Heading>
      <Threshold>2</Threshold>
      <Description></Description>
    </Position>
  </Security>
  <closets>
    <Position>
      <Key>closet-spot_-1376495286</Key>
      <X>-637.3964</X>
      <Y>944.2683</Y>
      <Z>243.9729</Z>
      <Heading>0</Heading>
      <Threshold>2</Threshold>
      <Description></Description>
    </Position>
  </closets>
  <PointOfInterest>
    <Position actions="sit,smoke,drink-whiskey,lie-down">
      <Key>Poi_-1285271262</Key>
      <X>-647.8856</X>
      <Y>945.0982</Y>
      <Z>243.97287</Z>
      <Heading>69.43123</Heading>
      <Threshold>2</Threshold>
      <Description>Couch right angle</Description>
    </Position>
    <Position actions="sit,smoke,drink-whiskey">
      <Key>Poi_-1261263055</Key>
      <X>-650.578369</X>
      <Y>946.8756</Y>
      <Z>243.9729</Z>
      <Heading>217.90094</Heading>
      <Threshold>2</Threshold>
      <Description>Lazy Chair (TV)</Description>
    </Position>
    <Position actions="sit,smoke,drink-whiskey">
      <Key>Poi_-1375326639</Key>
      <X>-637.671</X>
      <Y>941.05835</Y>
      <Z>243.946838</Z>
      <Heading>323.460358</Heading>
      <Threshold>2</Threshold>
      <Description>Lazy Chair (Closet)</Description>
    </Position>
    <Position actions="sit,smoke,drink-whiskey">
      <Key>Poi_-1426133156</Key>
      <X>-631.6606</X>
      <Y>944.473</Y>
      <Z>243.946838</Z>
      <Heading>269.844482</Heading>
      <Threshold>2</Threshold>
      <Description>Bench left</Description>
    </Position>
    <Position>
      <Key>Poi_-1426498879</Key>
      <X>-631.57666</X>
      <Y>945.432739</Y>
      <Z>243.946838</Z>
      <Heading>271.289185</Heading>
      <Threshold>2</Threshold>
      <Description>Bench Right</Description>
    </Position>
    <Position actions="sit,smoke,drink-whiskey">
      <Key>Poi_-1404612654</Key>
      <X>-634.211853</X>
      <Y>942.902832</Y>
      <Z>243.946838</Z>
      <Heading>260.915619</Heading>
      <Threshold>2</Threshold>
      <Description>toilet</Description>
    </Position>
    <Position actions="sit,smoke,drink-whiskey">
      <Key>Poi_-1520376260</Key>
      <X>-621.007935</X>
      <Y>939.4153</Y>
      <Z>243.806015</Z>
      <Heading>13.018198</Heading>
      <Threshold>2</Threshold>
      <Description>Bench in front of pool</Description>
    </Position>
    <Position actions="sit,smoke,drink-whiskey">
      <Key>Poi_-1496652289</Key>
      <X>-623.523132</X>
      <Y>944.5221</Y>
      <Z>243.806015</Z>
      <Heading>169.010056</Heading>
      <Threshold>2</Threshold>
      <Description>Bench Sauna front</Description>
    </Position>
    <Position actions="sit,smoke,drink-whiskey">
      <Key>Poi_-1489704748</Key>
      <X>-624.336243</X>
      <Y>944.257263</Y>
      <Z>243.806015</Z>
      <Heading>246.246979</Heading>
      <Threshold>2</Threshold>
      <Description>Bench sauna left</Description>
    </Position>
    <Position actions="bbq">
      <Key>Poi_-1463797520</Key>
      <X>-627.921265</X>
      <Y>931.084</Y>
      <Z>240.74614</Z>
      <Heading>126.380745</Heading>
      <Threshold>2</Threshold>
      <Description>Outdoor BBQ</Description>
    </Position>
    <Position actions="sit">
      <Key>Poi_-1270916636</Key>
      <X>-650.018433</X>
      <Y>934.6528</Y>
      <Z>241.003876</Z>
      <Heading>209.28334</Heading>
      <Threshold>2</Threshold>
      <Description>Jacuzzi right</Description>
    </Position>
    <Position actions="sit">
      <Key>Poi_-1268434379</Key>
      <X>-650.3151</X>
      <Y>934.4159</Y>
      <Z>241.004654</Z>
      <Heading>270.99115</Heading>
      <Threshold>2</Threshold>
      <Description>Jaccuzzi face garden</Description>
    </Position>
    <Position actions="sit,smoke,drink-whiskey">
      <Key>Poi_-1563237468</Key>
      <X>-616.470459</X>
      <Y>930.5685</Y>
      <Z>240.74614</Z>
      <Heading>288.1707</Heading>
      <Threshold>2</Threshold>
      <Description>Outdoor chair 1</Description>
    </Position>
    <Position actions="sit,smoke,drink-whiskey">
      <Key>Poi_-1566649232</Key>
      <X>-616.0022</X>
      <Y>932.2847</Y>
      <Z>240.745941</Z>
      <Heading>173.27626</Heading>
      <Threshold>2</Threshold>
      <Description>Outdoor chair 2</Description>
    </Position>
    <Position actions="sit,smoke,drink-whiskey">
      <Key>Poi_-1576759869</Key>
      <X>-614.847351</X>
      <Y>932.015564</Y>
      <Z>240.745972</Z>
      <Heading>100.780396</Heading>
      <Threshold>2</Threshold>
      <Description>Outdoor living room couch</Description>
    </Position>
    <Position actions="sit,smoke,drink-whiskey">
      <Key>Poi_-1576187284</Key>
      <X>-614.977539</X>
      <Y>930.5407</Y>
      <Z>240.745972</Z>
      <Heading>88.80648</Heading>
      <Threshold>2</Threshold>
      <Description>Outdoor sofa couch right</Description>
    </Position>
    <Position actions="sit,smoke,drink-whiskey">
      <Key>Poi_-1420927348</Key>
      <X>-632.8678</X>
      <Y>931.075</Y>
      <Z>240.765625</Z>
      <Heading>173.545547</Heading>
      <Threshold>2</Threshold>
      <Description>Transat right</Description>
    </Position>
    <Position actions="sit,smoke,drink-whiskey,lie-down">
      <Key>Poi_-1334806501</Key>
      <X>-642.231445</X>
      <Y>943.6459</Y>
      <Z>244.240631</Z>
      <Heading>171.0412</Heading>
      <Threshold>2</Threshold>
      <Description>Bed (front sitting)</Description>
    </Position>
    <Position Key="Poi_-1319531705" actions="sleep">
      <Key>Poi_-1319531705</Key>
      <X>-643.9515</X>
      <Y>944.666443</Y>
      <Z>243.973053</Z>
      <Heading>301.814362</Heading>
      <Threshold>2</Threshold>
      <Description>bed</Description>
    </Position>
    <Position Key="Poi_-1349446723" actions="sleep-right">
      <Key>Poi_-1349446723</Key>
      <X>-640.5182</X>
      <Y>944.2465</Y>
      <Z>243.973068</Z>
      <Heading>37.96048</Heading>
      <Threshold>2</Threshold>
      <Description>Bed from right</Description>
    </Position>
  </PointOfInterest>
  <Tvs>
    <Position Key="tv_245335514" renderer="tvscreen" model="-240931727" modelName="vw_prop_vw_cinema_tv_01">
      <Key>tv_245335514</Key>
      <X>-3211.638</X>
      <Y>773.5625</Y>
      <Z>15.2251873</Z>
      <Heading>212.508911</Heading>
      <Threshold>4</Threshold>
      <Description>Tv model vw_prop_vw_cinema_tv_01</Description>
    </Position>
    <Position Key="tv_267487127" renderer="tvscreen" model="-698352776" modelName="prop_tv_flat_03b">
      <Key>tv_267487127</Key>
      <X>-3217.555</X>
      <Y>813.555359</Y>
      <Z>9.751268</Z>
      <Heading>212.5089</Heading>
      <Threshold>4</Threshold>
      <Description>Tv model prop_tv_flat_03b</Description>
    </Position>
    <Position Key="tv_233252648" renderer="tvscreen" model="-698352776" modelName="prop_tv_flat_03b">
      <Key>tv_233252648</Key>
      <X>-3208.10547</X>
      <Y>778.0551</Y>
      <Z>9.387054</Z>
      <Heading>122.5089</Heading>
      <Threshold>4</Threshold>
      <Description>Tv model prop_tv_flat_03b</Description>
    </Position>
    <Position Key="tv_239240489" renderer="tvscreen" model="-698352776" modelName="prop_tv_flat_03b">
      <Key>tv_239240489</Key>
      <X>-3208.571</X>
      <Y>776.724</Y>
      <Z>14.6138048</Z>
      <Heading>122.5089</Heading>
      <Threshold>4</Threshold>
      <Description>Tv model prop_tv_flat_03b</Description>
    </Position>
    <Position Key="tv_242401860" renderer="tvscreen" model="-698352776" modelName="prop_tv_flat_03b">
      <Key>tv_242401860</Key>
      <X>-3209.46851</X>
      <Y>793.513855</Y>
      <Z>9.74035</Z>
      <Heading>122.5089</Heading>
      <Threshold>4</Threshold>
      <Description>Tv model prop_tv_flat_03b</Description>
    </Position>
    <Position Key="tv_220995879" renderer="tvscreen" model="-698352776" modelName="prop_tv_flat_03b">
      <Key>tv_220995879</Key>
      <X>-3199.40942</X>
      <Y>781.5932</Y>
      <Z>14.3961506</Z>
      <Heading>212.508911</Heading>
      <Threshold>4</Threshold>
      <Description>Tv model prop_tv_flat_03b</Description>
    </Position>
    <Position Key="tv_240110485" renderer="tvscreen" model="-698352776" modelName="prop_tv_flat_03b">
      <Key>tv_240110485</Key>
      <X>-3208.6377</X>
      <Y>792.2104</Y>
      <Z>9.74035</Z>
      <Heading>122.5089</Heading>
      <Threshold>4</Threshold>
      <Description>Tv model prop_tv_flat_03b</Description>
    </Position>
    <Position Key="tv_282508149" renderer="tvscreen" model="-698352776" modelName="prop_tv_flat_03b">
      <Key>tv_282508149</Key>
      <X>-3226.42651</X>
      <Y>803.198242</Y>
      <Z>9.466228</Z>
      <Heading>32.5089455</Heading>
      <Threshold>4</Threshold>
      <Description>Tv model prop_tv_flat_03b</Description>
    </Position>
    <Position Key="tv_306126563" renderer="tvscreen" model="-698352776" modelName="prop_tv_flat_03b">
      <Key>tv_306126563</Key>
      <X>-3236.84985</X>
      <Y>806.1604</Y>
      <Z>9.387122</Z>
      <Heading>212.5089</Heading>
      <Threshold>4</Threshold>
      <Description>Tv model prop_tv_flat_03b</Description>
    </Position>
    <Position Key="tv_-1242730890" renderer="tvscreen" model="1194029334" modelName="prop_tv_flat_michael">
      <Key>tv_-1242730890</Key>
      <X>-652.776855</X>
      <Y>945.3438</Y>
      <Z>244.809326</Z>
      <Heading>85.00002</Heading>
      <Threshold>4</Threshold>
      <Description>Tv model prop_tv_flat_michael</Description>
    </Position>
    <Position Key="tv_308371813" renderer="prop_ex_computer_screen" model="743064848" modelName="ex_prop_monitor_01_ex">
      <Key>tv_308371813</Key>
      <X>-3234.54077</X>
      <Y>812.932556</Y>
      <Z>13.8661175</Z>
      <Heading>97.5089</Heading>
      <Threshold>4</Threshold>
      <Description>Tv model ex_prop_monitor_01_ex</Description>
    </Position>
    <Position Key="tv_312537029" renderer="ex_tvscreen" model="608950395" modelName="ex_prop_ex_tv_flat_01">
      <Key>tv_312537029</Key>
      <X>-3234.408</X>
      <Y>821.0096</Y>
      <Z>15.21014</Z>
      <Heading>211.9963</Heading>
      <Threshold>4</Threshold>
      <Description>Tv model ex_prop_ex_tv_flat_01</Description>
    </Position>
    <Position Key="tv_264156211" renderer="ex_tvscreen" model="608950395" modelName="ex_prop_ex_tv_flat_01">
      <Key>tv_264156211</Key>
      <X>-3217.072</X>
      <Y>805.5269</Y>
      <Z>10.4577694</Z>
      <Heading>32.5089455</Heading>
      <Threshold>4</Threshold>
      <Description>Tv model ex_prop_ex_tv_flat_01</Description>
    </Position>
    <Position Key="tv_274584078" renderer="ex_tvscreen" model="608950395" modelName="ex_prop_ex_tv_flat_01">
      <Key>tv_274584078</Key>
      <X>-3218.66162</X>
      <Y>813.3897</Y>
      <Z>14.2921085</Z>
      <Heading>302.5089</Heading>
      <Threshold>4</Threshold>
      <Description>Tv model ex_prop_ex_tv_flat_01</Description>
    </Position>
    <Position Key="tv_313472250" renderer="ex_tvscreen" model="608950395" modelName="ex_prop_ex_tv_flat_01">
      <Key>tv_313472250</Key>
      <X>-3235.436</X>
      <Y>818.027954</Y>
      <Z>15.0491362</Z>
      <Heading>302.5089</Heading>
      <Threshold>4</Threshold>
      <Description>Tv model ex_prop_ex_tv_flat_01</Description>
    </Position>
    <Position Key="tv_249168262" renderer="ex_tvscreen" model="608950395" modelName="ex_prop_ex_tv_flat_01">
      <Key>tv_249168262</Key>
      <X>-3203.40967</X>
      <Y>846.8744</Y>
      <Z>9.536872</Z>
      <Heading>345.722137</Heading>
      <Threshold>4</Threshold>
      <Description>Tv model ex_prop_ex_tv_flat_01</Description>
    </Position>
    <Position Key="tv_293540279" renderer="prop_x17_tv_ceil_scn_01" model="1503218008" modelName="xm_prop_x17_tv_ceiling_01">
      <Key>tv_293540279</Key>
      <X>-3227.907</X>
      <Y>804.837158</Y>
      <Z>16.6781025</Z>
      <Heading>302.5089</Heading>
      <Threshold>4</Threshold>
      <Description>Tv model xm_prop_x17_tv_ceiling_01</Description>
    </Position>
  </Tvs>
</Root>