﻿<?xml version="1.0" encoding="utf-8"?>
<Root>
  <closets>
    <Position Key="Closet_64030667">
      <Key>Closet_64030667</Key>
      <X>-393.2234</X>
      <Y>3041.82739</Y>
      <Z>30.2076435</Z>
      <Heading>296.9923</Heading>
      <Threshold>2</Threshold>
      <Description>No description</Description>
    </Position>
  </closets>
  <Showers>
    <Position Key="shower_49613199" offset="1.549999">
      <Key>shower_49613199</Key>
      <X>-392.361572</X>
      <Y>3047.361</Y>
      <Z>30.2079754</Z>
      <Heading>298.476135</Heading>
      <Threshold>2</Threshold>
      <Description>No description</Description>
    </Position>
  </Showers>
  <Tvs>
    <Position Key="tv_94947139" renderer="tvscreen" model="-698352776" modelName="prop_tv_flat_03b">
      <Key>tv_94947139</Key>
      <X>-394.987</X>
      <Y>3044.45386</Y>
      <Z>30.3948078</Z>
      <Heading>215.109344</Heading>
      <Threshold>4</Threshold>
      <Description>Tv model prop_tv_flat_03b</Description>
    </Position>
    <Position Key="tv_312537029" renderer="ex_tvscreen" model="608950395" modelName="ex_prop_ex_tv_flat_01">
      <Key>tv_312537029</Key>
      <X>-3234.408</X>
      <Y>821.0096</Y>
      <Z>15.21014</Z>
      <Heading>211.9963</Heading>
      <Threshold>4</Threshold>
      <Description>Tv model ex_prop_ex_tv_flat_01</Description>
    </Position>
  </Tvs>
  <PointOfInterest>
    <Position Key="Poi_104884748" actions="sleep">
      <Key>Poi_104884748</Key>
      <X>-395.6019</X>
      <Y>3037.67944</Y>
      <Z>30.2364826</Z>
      <Heading>70.59756</Heading>
      <Threshold>2</Threshold>
      <Description>No description</Description>
    </Position>
    <Position Key="Poi_137408406" actions="sleep-right">
      <Key>Poi_137408406</Key>
      <X>-397.463562</X>
      <Y>3040.36572</Y>
      <Z>30.2364864</Z>
      <Heading>171.661224</Heading>
      <Threshold>2</Threshold>
      <Description>No description</Description>
    </Position>
    <Position Key="Poi_244065070" actions="sit,smoke,drink-whiskey">
      <Key>Poi_244065070</Key>
      <X>-403.6393</X>
      <Y>3035.96631</Y>
      <Z>30.27269</Z>
      <Heading>122.224648</Heading>
      <Threshold>2</Threshold>
      <Description>No description</Description>
    </Position>
    <Position Key="Poi_239547585" actions="sit,smoke,drink-whiskey">
      <Key>Poi_239547585</Key>
      <X>-403.3812</X>
      <Y>3035.58252</Y>
      <Z>30.2592487</Z>
      <Heading>128.427414</Heading>
      <Threshold>2</Threshold>
      <Description>No description</Description>
    </Position>
    <Position Key="Poi_199496860" actions="sit,smoke,drink-whiskey">
      <Key>Poi_199496860</Key>
      <X>-401.07724</X>
      <Y>3034.6665</Y>
      <Z>30.2076645</Z>
      <Heading>353.613159</Heading>
      <Threshold>2</Threshold>
      <Description>No description</Description>
    </Position>
    <Position Key="Poi_232896539" actions="sit,smoke,drink-whiskey">
      <Key>Poi_232896539</Key>
      <X>-403.008881</X>
      <Y>3033.61548</Y>
      <Z>30.2364845</Z>
      <Heading>42.9240379</Heading>
      <Threshold>2</Threshold>
      <Description>No description</Description>
    </Position>
    <Position Key="Poi_211934361" actions="sit,smoke,drink-whiskey">
      <Key>Poi_211934361</Key>
      <X>-401.796</X>
      <Y>3034.28125</Y>
      <Z>30.2358685</Z>
      <Heading>80.26467</Heading>
      <Threshold>2</Threshold>
      <Description>No description</Description>
    </Position>
    <Position Key="Poi_110929565" actions="sit,smoke,drink-whiskey">
      <Key>Poi_110929565</Key>
      <X>-395.906158</X>
      <Y>3045.75952</Y>
      <Z>30.2545624</Z>
      <Heading>218.966736</Heading>
      <Threshold>2</Threshold>
      <Description>No description</Description>
    </Position>
    <Position Key="Poi_142782178" actions="sit,smoke,drink-whiskey">
      <Key>Poi_142782178</Key>
      <X>-397.755859</X>
      <Y>3043.783</Y>
      <Z>30.2080269</Z>
      <Heading>38.1064644</Heading>
      <Threshold>2</Threshold>
      <Description>No description</Description>
    </Position>
    <Position Key="Poi_154333126" actions="sit,smoke,drink-whiskey">
      <Key>Poi_154333126</Key>
      <X>-398.4252</X>
      <Y>3043.235</Y>
      <Z>30.2080326</Z>
      <Heading>24.0101185</Heading>
      <Threshold>2</Threshold>
      <Description>No description</Description>
    </Position>
    <Position Key="Poi_92183781" actions="sit,smoke,drink-whiskey">
      <Key>Poi_92183781</Key>
      <X>-394.841339</X>
      <Y>3042.96436</Y>
      <Z>30.2076626</Z>
      <Heading>31.5490379</Heading>
      <Threshold>2</Threshold>
      <Description>No description</Description>
    </Position>
    <Position Key="Poi_44032766" actions="sit,smoke,drink-whiskey">
      <Key>Poi_44032766</Key>
      <X>-392.045715</X>
      <Y>3046.56348</Y>
      <Z>30.1504841</Z>
      <Heading>38.4273567</Heading>
      <Threshold>2</Threshold>
      <Description>No description</Description>
    </Position>
  </PointOfInterest>
</Root>