﻿<?xml version="1.0" encoding="utf-8"?>
<Root>
  <Security>
    <Position>
      <Key>security-spot_-828597590</Key>
      <X>-1953.94885</X>
      <Y>-241.44957</Y>
      <Z>89.62003</Z>
      <Heading>140.128235</Heading>
      <Threshold>2</Threshold>
      <Description></Description>
    </Position>
    <Position>
      <Key>security-spot_-821424097</Key>
      <X>-1956.13672</X>
      <Y>-239.918533</Y>
      <Z>89.62003</Z>
      <Heading>145.081024</Heading>
      <Threshold>2</Threshold>
      <Description></Description>
    </Position>
    <Position Key="Security_-701279653">
      <Key>Security_-701279653</Key>
      <X>-1990.64172</X>
      <Y>-227.7081</Y>
      <Z>34.9238319</Z>
      <Heading>324.93457</Heading>
      <Threshold>2</Threshold>
      <Description>No description</Description>
    </Position>
    <Position Key="Security_-695022482">
      <Key>Security_-695022482</Key>
      <X>-1992.60974</X>
      <Y>-226.201218</Y>
      <Z>34.9238243</Z>
      <Heading>318.635834</Heading>
      <Threshold>2</Threshold>
      <Description>No description</Description>
    </Position>
    <Position Key="Security_-692922061">
      <Key>Security_-692922061</Key>
      <X>-1988.18713</X>
      <Y>-233.025131</Y>
      <Z>89.62004</Z>
      <Heading>326.65863</Heading>
      <Threshold>2</Threshold>
      <Description>No description</Description>
    </Position>
  </Security>
  <closets>
    <Position>
      <Key>closet-spot_-810323608</Key>
      <X>-1956.88086</X>
      <Y>-245.548691</Y>
      <Z>84.96008</Z>
      <Heading>0</Heading>
      <Threshold>2</Threshold>
      <Description></Description>
    </Position>
    <Position>
      <Key>closet-spot_-779025046</Key>
      <X>-1963.48633</X>
      <Y>-247.322235</Y>
      <Z>84.96009</Z>
      <Heading>0</Heading>
      <Threshold>2</Threshold>
      <Description></Description>
    </Position>
    <Position>
      <Key>closet-spot_-701984130</Key>
      <X>-1987.90833</X>
      <Y>-227.8147</Y>
      <Z>89.62004</Z>
      <Heading>0</Heading>
      <Threshold>2</Threshold>
      <Description></Description>
    </Position>
    <Position>
      <Key>closet-spot_-771219906</Key>
      <X>-1973.08313</X>
      <Y>-224.504349</Y>
      <Z>89.62002</Z>
      <Heading>0</Heading>
      <Threshold>2</Threshold>
      <Description></Description>
    </Position>
  </closets>
  <Showers>
    <Position Key="Shower_1" offset="1.4">
      <Key>Shower_1</Key>
      <X>-1956.94678</X>
      <Y>-244.170654</Y>
      <Z>81.1649551</Z>
      <Heading>321.7257</Heading>
      <Threshold>2</Threshold>
      <Description>No description</Description>
    </Position>
    <Position Key="Shower_2" offset="1.4">
      <Key>Shower_2</Key>
      <X>-1956.98438</X>
      <Y>-244.155014</Y>
      <Z>81.16496</Z>
      <Heading>325.633</Heading>
      <Threshold>2</Threshold>
      <Description>No description</Description>
    </Position>
    <Position Key="shower_-735224429" offset="2.399999">
      <Key>shower_-735224429</Key>
      <X>-1980.84265</X>
      <Y>-226.4811</Y>
      <Z>84.96196</Z>
      <Heading>327.617035</Heading>
      <Threshold>2</Threshold>
      <Description>No description</Description>
    </Position>
  </Showers>
</Root>