﻿<?xml version="1.0" encoding="utf-8"?>
<Root>
  <closets>
    <Position>
      <Key>closet-spot_-46811206</Key>
      <X>-1610.962</X>
      <Y>386.718</Y>
      <Z>91.22004</Z>
      <Heading>0</Heading>
      <Threshold>2</Threshold>
      <Description></Description>
    </Position>
    <Position>
      <Key>closet-spot_-38595796</Key>
      <X>-1612.064</X>
      <Y>391.286</Y>
      <Z>91.19999</Z>
      <Heading>0</Heading>
      <Threshold>2</Threshold>
      <Description></Description>
    </Position>
  </closets>
  <Security>
    <Position Key="Security_185399685">
      <Key>Security_185399685</Key>
      <X>-1662.36841</X>
      <Y>399.627777</Y>
      <Z>88.99407</Z>
      <Heading>75.49875</Heading>
      <Threshold>2</Threshold>
      <Description>Entry</Description>
    </Position>
  </Security>
</Root>