﻿<?xml version="1.0" encoding="utf-8"?>
<Root>
  <Security>
    <Position>
      <Key>security-spot_-487926099</Key>
      <X>-773.968</X>
      <Y>336.6119</Y>
      <Z>243.3752</Z>
      <Heading>281.9939</Heading>
      <Threshold>2</Threshold>
      <Description></Description>
    </Position>
    <Position>
      <Key>security-spot_-490756472</Key>
      <X>-773.8594</X>
      <Y>334.1058</Y>
      <Z>243.3753</Z>
      <Heading>281.9939</Heading>
      <Threshold>2</Threshold>
      <Description></Description>
    </Position>
    <Position>
      <Key>security-spot_-502429972</Key>
      <X>-775.8591</X>
      <Y>313.0098</Y>
      <Z>85.69814</Z>
      <Heading>173.2016</Heading>
      <Threshold>2</Threshold>
      <Description></Description>
    </Position>
    <Position>
      <Key>security-spot_-485949892</Key>
      <X>-773.771</X>
      <Y>365.4451</Y>
      <Z>56.00103</Z>
      <Heading>94.66405</Heading>
      <Threshold>2</Threshold>
      <Description></Description>
    </Position>
  </Security>
  <closets>
    <Position>
      <Key>closet-spot_-359008947</Key>
      <X>-788.662964</X>
      <Y>338.6739</Y>
      <Z>243.3754</Z>
      <Heading>0</Heading>
      <Threshold>2</Threshold>
      <Description></Description>
    </Position>
  </closets>
</Root>