﻿<?xml version="1.0" encoding="utf-8"?>
<Root>
  <Tvs>
    <Position Key="tv_-1748874019" renderer="tvscreen" model="1065897083" modelName="prop_tv_flat_02b">
      <Key>tv_-1748874019</Key>
      <X>1568.2</X>
      <Y>3749.4</Y>
      <Z>40.04</Z>
      <Heading>109.999992</Heading>
      <Threshold>4</Threshold>
      <Description>Tv model prop_tv_flat_02b</Description>
    </Position>
    <Position Key="tv_-1696402865" renderer="prop_ex_computer_screen" model="743064848" modelName="ex_prop_monitor_01_ex">
      <Key>tv_-1696402865</Key>
      <X>1580.4</X>
      <Y>3745.78</Y>
      <Z>39.82</Z>
      <Heading>306</Heading>
      <Threshold>4</Threshold>
      <Description>Tv model ex_prop_monitor_01_ex</Description>
    </Position>
    <Position Key="tv_312537029" renderer="ex_tvscreen" model="608950395" modelName="ex_prop_ex_tv_flat_01">
      <Key>tv_312537029</Key>
      <X>-3234.408</X>
      <Y>821.0096</Y>
      <Z>15.21014</Z>
      <Heading>211.9963</Heading>
      <Threshold>4</Threshold>
      <Description>Tv model ex_prop_ex_tv_flat_01</Description>
    </Position>
    <Position Key="tv_-1723532461" renderer="ex_tvscreen" model="608950395" modelName="ex_prop_ex_tv_flat_01">
      <Key>tv_-1723532461</Key>
      <X>1574.23</X>
      <Y>3750.03</Y>
      <Z>36.8</Z>
      <Heading>306.000122</Heading>
      <Threshold>4</Threshold>
      <Description>Tv model ex_prop_ex_tv_flat_01</Description>
    </Position>
  </Tvs>
  <Showers>
    <Position Key="shower_-1717536332" offset="1.15">
      <Key>shower_-1717536332</Key>
      <X>1575.504</X>
      <Y>3746.50562</Y>
      <Z>39.8784</Z>
      <Heading>212.30838</Heading>
      <Threshold>2</Threshold>
      <Description>No description</Description>
    </Position>
  </Showers>
  <closets>
    <Position Key="Closet_-1714390644">
      <Key>Closet_-1714390644</Key>
      <X>1576.06</X>
      <Y>3754.36938</Y>
      <Z>39.86033</Z>
      <Heading>36.11897</Heading>
      <Threshold>2</Threshold>
      <Description>No description</Description>
    </Position>
  </closets>
  <PointOfInterest>
    <Position Key="Poi_-1718423291" actions="sit,smoke,drink-whiskey">
      <Key>Poi_-1718423291</Key>
      <X>1575.06616</X>
      <Y>3757.33667</Y>
      <Z>39.8409843</Z>
      <Heading>35.0832748</Heading>
      <Threshold>2</Threshold>
      <Description>No description</Description>
    </Position>
    <Position Key="Poi_-1724328449" actions="sit,smoke,drink-whiskey">
      <Key>Poi_-1724328449</Key>
      <X>1573.72534</X>
      <Y>3756.33228</Y>
      <Z>39.8409843</Z>
      <Heading>28.0490856</Heading>
      <Threshold>2</Threshold>
      <Description>No description</Description>
    </Position>
    <Position Key="Poi_-1725158739" actions="sit,smoke,drink-whiskey">
      <Key>Poi_-1725158739</Key>
      <X>1573.60681</X>
      <Y>3752.962</Y>
      <Z>39.8443565</Z>
      <Heading>216.762772</Heading>
      <Threshold>2</Threshold>
      <Description>No description</Description>
    </Position>
    <Position Key="Poi_-1728126239" actions="sit,smoke,drink-whiskey">
      <Key>Poi_-1728126239</Key>
      <X>1573.08655</X>
      <Y>3745.39868</Y>
      <Z>39.8428879</Z>
      <Heading>37.32528</Heading>
      <Threshold>2</Threshold>
      <Description>No description</Description>
    </Position>
    <Position Key="Poi_-1699943837" actions="sit,smoke,drink-whiskey">
      <Key>Poi_-1699943837</Key>
      <X>1579.67322</X>
      <Y>3741.568</Y>
      <Z>39.8409424</Z>
      <Heading>218.382141</Heading>
      <Threshold>2</Threshold>
      <Description>No description</Description>
    </Position>
    <Position Key="Poi_-1696628459" actions="sit,smoke,drink-whiskey">
      <Key>Poi_-1696628459</Key>
      <X>1580.42651</X>
      <Y>3742.10962</Y>
      <Z>39.84058</Z>
      <Heading>210.2073</Heading>
      <Threshold>2</Threshold>
      <Description>No description</Description>
    </Position>
    <Position Key="Poi_-1692373409" actions="sit,smoke,drink-whiskey">
      <Key>Poi_-1692373409</Key>
      <X>1581.39441</X>
      <Y>3742.752</Y>
      <Z>39.8409462</Z>
      <Heading>208.831573</Heading>
      <Threshold>2</Threshold>
      <Description>No description</Description>
    </Position>
    <Position Key="Poi_-1733085202" actions="sit,smoke,drink-whiskey">
      <Key>Poi_-1733085202</Key>
      <X>1572.12134</X>
      <Y>3747.408</Y>
      <Z>36.15999</Z>
      <Heading>296.8462</Heading>
      <Threshold>2</Threshold>
      <Description>No description</Description>
    </Position>
    <Position Key="Poi_-1735249153" actions="sit,smoke,drink-whiskey">
      <Key>Poi_-1735249153</Key>
      <X>1571.60583</X>
      <Y>3748.11255</Y>
      <Z>36.1738663</Z>
      <Heading>301.698853</Heading>
      <Threshold>2</Threshold>
      <Description>No description</Description>
    </Position>
    <Position Key="Poi_-1737041583" actions="sit,smoke,drink-whiskey">
      <Key>Poi_-1737041583</Key>
      <X>1571.17578</X>
      <Y>3748.87964</Y>
      <Z>36.16994</Z>
      <Heading>294.563721</Heading>
      <Threshold>2</Threshold>
      <Description>No description</Description>
    </Position>
    <Position Key="Poi_-1674080459" actions="sit,smoke,drink-whiskey">
      <Key>Poi_-1674080459</Key>
      <X>1585.74084</X>
      <Y>3747.29321</Y>
      <Z>36.1389847</Z>
      <Heading>216.734085</Heading>
      <Threshold>2</Threshold>
      <Description>No description</Description>
    </Position>
    <Position Key="Poi_-1670247877" actions="sit,smoke,drink-whiskey">
      <Key>Poi_-1670247877</Key>
      <X>1586.61108</X>
      <Y>3747.94434</Y>
      <Z>36.1389847</Z>
      <Heading>225.4916</Heading>
      <Threshold>2</Threshold>
      <Description>No description</Description>
    </Position>
    <Position Key="Poi_-1666379530" actions="sit,smoke,drink-whiskey">
      <Key>Poi_-1666379530</Key>
      <X>1587.49023</X>
      <Y>3748.56519</Y>
      <Z>36.1389847</Z>
      <Heading>215.651581</Heading>
      <Threshold>2</Threshold>
      <Description>No description</Description>
    </Position>
    <Position Key="Poi_-1636833832" actions="sit,smoke,drink-whiskey">
      <Key>Poi_-1636833832</Key>
      <X>1594.33887</X>
      <Y>3747.70386</Y>
      <Z>35.9399567</Z>
      <Heading>133.049438</Heading>
      <Threshold>2</Threshold>
      <Description>No description</Description>
    </Position>
    <Position Key="Poi_-1636769225" actions="sit,smoke,drink-whiskey">
      <Key>Poi_-1636769225</Key>
      <X>1594.37268</X>
      <Y>3746.83423</Y>
      <Z>35.9399567</Z>
      <Heading>22.56731</Heading>
      <Threshold>2</Threshold>
      <Description>No description</Description>
    </Position>
    <Position Key="Poi_-1639354931" actions="sit,smoke,drink-whiskey">
      <Key>Poi_-1639354931</Key>
      <X>1593.7843</X>
      <Y>3746.453</Y>
      <Z>35.9399567</Z>
      <Heading>31.3570862</Heading>
      <Threshold>2</Threshold>
      <Description>No description</Description>
    </Position>
    <Position Key="Poi_-1679122817" actions="sit,smoke,drink-whiskey">
      <Key>Poi_-1679122817</Key>
      <X>1584.373</X>
      <Y>3756.66431</Y>
      <Z>36.1475868</Z>
      <Heading>131.859726</Heading>
      <Threshold>2</Threshold>
      <Description>No description</Description>
    </Position>
    <Position Key="Poi_-1744496011" actions="sit,smoke,drink-whiskey">
      <Key>Poi_-1744496011</Key>
      <X>1569.338</X>
      <Y>3755.21069</Y>
      <Z>35.8389435</Z>
      <Heading>222.672882</Heading>
      <Threshold>2</Threshold>
      <Description>No description</Description>
    </Position>
    <Position Key="Poi_-1742147481" actions="sit,smoke,drink-whiskey">
      <Key>Poi_-1742147481</Key>
      <X>1569.87207</X>
      <Y>3755.57324</Y>
      <Z>35.8389435</Z>
      <Heading>213.721344</Heading>
      <Threshold>2</Threshold>
      <Description>No description</Description>
    </Position>
    <Position Key="Poi_-1750565757" actions="sit,smoke,drink-whiskey">
      <Key>Poi_-1750565757</Key>
      <X>1567.992</X>
      <Y>3752.145</Y>
      <Z>36.0386353</Z>
      <Heading>39.3021049</Heading>
      <Threshold>2</Threshold>
      <Description>No description</Description>
    </Position>
    <Position Key="Poi_-1753092664" actions="sit,smoke,drink-whiskey">
      <Key>Poi_-1753092664</Key>
      <X>1567.41687</X>
      <Y>3751.791</Y>
      <Z>36.03315</Z>
      <Heading>37.0691376</Heading>
      <Threshold>2</Threshold>
      <Description>No description</Description>
    </Position>
    <Position Key="Poi_-1722600258" actions="sleep">
      <Key>Poi_-1722600258</Key>
      <X>1574.43042</X>
      <Y>3742.19</Y>
      <Z>39.86009</Z>
      <Heading>338.940216</Heading>
      <Threshold>2</Threshold>
      <Description>No description</Description>
    </Position>
    <Position Key="Poi_-1711423716" actions="sleep-right">
      <Key>Poi_-1711423716</Key>
      <X>1576.96667</X>
      <Y>3744.15918</Y>
      <Z>39.860054</Z>
      <Heading>93.80172</Heading>
      <Threshold>2</Threshold>
      <Description>No description</Description>
    </Position>
    <Position Key="Poi_-1732314958" actions="sleep">
      <Key>Poi_-1732314958</Key>
      <X>1571.99854</X>
      <Y>3750.93628</Y>
      <Z>39.86033</Z>
      <Heading>164.036285</Heading>
      <Threshold>2</Threshold>
      <Description>No description</Description>
    </Position>
    <Position Key="Poi_-1743514430" actions="sleep-right">
      <Key>Poi_-1743514430</Key>
      <X>1569.45459</X>
      <Y>3749.13135</Y>
      <Z>39.8409767</Z>
      <Heading>264.905945</Heading>
      <Threshold>2</Threshold>
      <Description>No description</Description>
    </Position>
    <Position Key="Poi_-1689004982" actions="sit,smoke,drink-whiskey">
      <Key>Poi_-1689004982</Key>
      <X>1581.87708</X>
      <Y>3756.25146</Y>
      <Z>39.8600159</Z>
      <Heading>132.2093</Heading>
      <Threshold>2</Threshold>
      <Description>No description</Description>
    </Position>
    <Position Key="Poi_-1690708155" actions="sit,smoke,drink-whiskey">
      <Key>Poi_-1690708155</Key>
      <X>1581.47192</X>
      <Y>3756.80957</Y>
      <Z>39.8600159</Z>
      <Heading>135.118591</Heading>
      <Threshold>2</Threshold>
      <Description>No description</Description>
    </Position>
    <Position Key="Poi_-1693247044" actions="sit,smoke,drink-whiskey">
      <Key>Poi_-1693247044</Key>
      <X>1580.86951</X>
      <Y>3757.5708</Y>
      <Z>39.86006</Z>
      <Heading>135.421143</Heading>
      <Threshold>2</Threshold>
      <Description>No description</Description>
    </Position>
    <Position Key="Poi_-1766504316" actions="sit,smoke,drink-whiskey">
      <Key>Poi_-1766504316</Key>
      <X>1564.33533</X>
      <Y>3751.2417</Y>
      <Z>36.0109253</Z>
      <Heading>301.51532</Heading>
      <Threshold>2</Threshold>
      <Description>No description</Description>
    </Position>
  </PointOfInterest>
  <Security>
    <Position Key="Security_-1679300826">
      <Key>Security_-1679300826</Key>
      <X>1584.53259</X>
      <Y>3747.45947</Y>
      <Z>36.13903</Z>
      <Heading>220.806061</Heading>
      <Threshold>2</Threshold>
      <Description>No description</Description>
    </Position>
    <Position Key="Security_-1741519564">
      <Key>Security_-1741519564</Key>
      <X>1570.06763</X>
      <Y>3752.68628</Y>
      <Z>36.0389633</Z>
      <Heading>41.90356</Heading>
      <Threshold>2</Threshold>
      <Description>No description</Description>
    </Position>
  </Security>
</Root>