﻿<?xml version="1.0" encoding="utf-8"?>
<Root>
  <Security>
    <Position>
      <Key>security-spot_80129570</Key>
      <X>-291.1568</X>
      <Y>-820.6724</Y>
      <Z>32.42106</Z>
      <Heading>259.6658</Heading>
      <Threshold>2</Threshold>
      <Description></Description>
    </Position>
  </Security>
  <closets>
    <Position>
      <Key>closet-spot_153891371</Key>
      <X>-295.05</X>
      <Y>-807.8272</Y>
      <Z>85.6558151</Z>
      <Heading>0</Heading>
      <Threshold>2</Threshold>
      <Description></Description>
    </Position>
  </closets>
</Root>