﻿<?xml version="1.0" encoding="utf-8"?>
<Root>
  <closets>
    <Position>
      <Key>closet-spot_1554019042</Key>
      <X>-1459.032</X>
      <Y>-562.0896</Y>
      <Z>79.39381</Z>
      <Heading>0</Heading>
      <Threshold>2</Threshold>
      <Description></Description>
    </Position>
    <Position>
      <Key>closet-spot_1537224062</Key>
      <X>-1455.164</X>
      <Y>-562.0032</Y>
      <Z>79.39389</Z>
      <Heading>0</Heading>
      <Threshold>2</Threshold>
      <Description></Description>
    </Position>
  </closets>
  <PointOfInterest>
    <Position Key="Poi_1534637557" actions="sit,smoke,drink-whiskey">
      <Key>Poi_1534637557</Key>
      <X>-1453.80872</X>
      <Y>-570.7223</Y>
      <Z>79.40008</Z>
      <Heading>309.405243</Heading>
      <Threshold>2</Threshold>
      <Description>Couch (face TV)</Description>
    </Position>
    <Position Key="Poi_1541851656" actions="sit,smoke,drink-whiskey">
      <Key>Poi_1541851656</Key>
      <X>-1455.66174</X>
      <Y>-568.5587</Y>
      <Z>79.3938446</Z>
      <Heading>307.115</Heading>
      <Threshold>2</Threshold>
      <Description>Wood chair</Description>
    </Position>
    <Position Key="Poi_1535343823" actions="sit,smoke,drink-whiskey,lie-down">
      <Key>Poi_1535343823</Key>
      <X>-1454.20837</X>
      <Y>-567.938965</Y>
      <Z>79.57682</Z>
      <Heading>210.514725</Heading>
      <Threshold>2</Threshold>
      <Description>Lazy chair</Description>
    </Position>
    <Position Key="Poi_1514296345" actions="sit">
      <Key>Poi_1514296345</Key>
      <X>-1449.503</X>
      <Y>-566.2601</Y>
      <Z>79.3938446</Z>
      <Heading>126.965996</Heading>
      <Threshold>2</Threshold>
      <Description>Toilet</Description>
    </Position>  
    <Position Key="Poi_1554126492" actions="sleep">
      <Key>Poi_1554126492</Key>
      <X>-1459.12585</X>
      <Y>-561.2929</Y>
      <Z>79.40043</Z>
      <Heading>71.89537</Heading>
      <Threshold>2</Threshold>
      <Description>Bed</Description>
    </Position>
  </PointOfInterest>
</Root>