﻿<?xml version="1.0" encoding="utf-8"?>
<Root>
  <closets>
    <Position>
      <Key>closet-spot_-1083790337</Key>
      <X>-724.2191</X>
      <Y>192.017654</Y>
      <Z>129.131577</Z>
      <Heading>0</Heading>
      <Threshold>2</Threshold>
      <Description></Description>
    </Position>
    <Position>
      <Key>closet-spot_-1051014547</Key>
      <X>-727.9872</X>
      <Y>192.103241</Y>
      <Z>128.95517</Z>
      <Heading>0</Heading>
      <Threshold>2</Threshold>
      <Description></Description>
    </Position>
  </closets>
  <PointOfInterest>
    <Position Key="Poi_-1093862609" actions="sit,smoke,drink-whiskey">
      <Key>Poi_-1093862609</Key>
      <X>-724.209534</X>
      <Y>185.397858</Y>
      <Z>128.963516</Z>
      <Heading>189.543381</Heading>
      <Threshold>2</Threshold>
      <Description>white chair</Description>
    </Position>
    <Position Key="Poi_-1097265252" actions="sit,smoke,drink-whiskey">
      <Key>Poi_-1097265252</Key>
      <X>-724.2569</X>
      <Y>182.868118</Y>
      <Z>128.963516</Z>
      <Heading>298.4679</Heading>
      <Threshold>2</Threshold>
      <Description>Couch face TV</Description>
    </Position>
    <Position Key="Poi_-1081739608" actions="sit,smoke,drink-whiskey">
      <Key>Poi_-1081739608</Key>
      <X>-725.6548</X>
      <Y>185.130737</Y>
      <Z>128.9551</Z>
      <Heading>298.1376</Heading>
      <Threshold>2</Threshold>
      <Description>Black plastic chair</Description>
    </Position>
    <Position Key="Poi_-1135769897" actions="sit">
      <Key>Poi_-1135769897</Key>
      <X>-719.218262</X>
      <Y>186.29567</Y>
      <Z>128.9551</Z>
      <Heading>118.109978</Heading>
      <Threshold>2</Threshold>
      <Description>Toilet</Description>
    </Position>
    <Position Key="Poi_-1117946070" actions="sit,smoke,drink-whiskey">
      <Key>Poi_-1117946070</Key>
      <X>-721.2479</X>
      <Y>186.44989</Y>
      <Z>128.9551</Z>
      <Heading>9.232573</Heading>
      <Threshold>2</Threshold>
      <Description>Small chair near jacuzzi</Description>
    </Position>
    <Position Key="Poi_-1049609008" actions="sleep">
      <Key>Poi_-1049609008</Key>
      <X>-728.006958</X>
      <Y>192.921738</Y>
      <Z>128.961273</Z>
      <Heading>66.76978</Heading>
      <Threshold>2</Threshold>
      <Description>Bed</Description>
    </Position>
  </PointOfInterest>
</Root>