﻿<?xml version="1.0" encoding="utf-8"?>
<Root>
  <Security>
    <Position Key="Security_1461073717">
      <Key>Security_1461073717</Key>
      <X>1391.30261</X>
      <Y>1140.274</Y>
      <Z>114.443207</Z>
      <Heading>86.84363</Heading>
      <Threshold>2</Threshold>
      <Description>Entry 1</Description>
    </Position>
    <Position Key="Security_-895893836">
      <Key>Security_-895893836</Key>
      <X>364.017334</X>
      <Y>-582.6958</Y>
      <Z>28.687891</Z>
      <Heading>308.423248</Heading>
      <Threshold>2</Threshold>
      <Description></Description>
    </Position>
    <Position Key="Security_1449516498">
      <Key>Security_1449516498</Key>
      <X>1387.60974</X>
      <Y>1163.94067</Y>
      <Z>114.3434</Z>
      <Heading>91.49278</Heading>
      <Threshold>2</Threshold>
      <Description>sec office left</Description>
    </Position>
    <Position Key="Security_1449629706">
      <Key>Security_1449629706</Key>
      <X>1387.78247</X>
      <Y>1160.83936</Y>
      <Z>114.334465</Z>
      <Heading>82.46126</Heading>
      <Threshold>2</Threshold>
      <Description>Sec offcie right</Description>
    </Position>
    <Position Key="Security_1413643286">
      <Key>Security_1413643286</Key>
      <X>1379.95752</X>
      <Y>1149.55432</Y>
      <Z>114.334473</Z>
      <Heading>166.51741</Heading>
      <Threshold>2</Threshold>
      <Description>Sec entry stairs</Description>
    </Position>
    <Position Key="Security_1624605491">
      <Key>Security_1624605491</Key>
      <X>1429.03821</X>
      <Y>1140.43335</Y>
      <Z>114.2295</Z>
      <Heading>269.140045</Heading>
      <Threshold>2</Threshold>
      <Description>Back  door left</Description>
    </Position>
    <Position Key="Security_1626110834">
      <Key>Security_1626110834</Key>
      <X>1429.24939</X>
      <Y>1143.58069</Y>
      <Z>114.207863</Z>
      <Heading>259.4011</Heading>
      <Threshold>2</Threshold>
      <Description>Back door right</Description>
    </Position>
    <Position Key="Security_1488017339">
      <Key>Security_1488017339</Key>
      <X>1398.0603</X>
      <Y>1127.92358</Y>
      <Z>114.334381</Z>
      <Heading>180.174088</Heading>
      <Threshold>2</Threshold>
      <Description>lv left</Description>
    </Position>
    <Position Key="Security_1509325999">
      <Key>Security_1509325999</Key>
      <X>1402.98462</X>
      <Y>1127.758</Y>
      <Z>114.33429</Z>
      <Heading>169.1618</Heading>
      <Threshold>2</Threshold>
      <Description>lv right</Description>
    </Position>
    <Position Key="Security_1445688911">
      <Key>Security_1445688911</Key>
      <X>1388.03418</X>
      <Y>1133.87024</Y>
      <Z>114.33448</Z>
      <Heading>91.38259</Heading>
      <Threshold>2</Threshold>
      <Description>Lv front left</Description>
    </Position>
    <Position Key="Security_1444113710">
      <Key>Security_1444113710</Key>
      <X>1387.81616</X>
      <Y>1130.59534</Y>
      <Z>114.33448</Z>
      <Heading>74.42091</Heading>
      <Threshold>2</Threshold>
      <Description>lv front right</Description>
    </Position>
    <Position Key="Security_1107589927">
      <Key>Security_1107589927</Key>
      <X>1311.239</X>
      <Y>1111.7345</Y>
      <Z>105.707054</Z>
      <Heading>157.714111</Heading>
      <Threshold>2</Threshold>
      <Description>No description</Description>
    </Position>
    <Position Key="Security_1117474403">
      <Key>Security_1117474403</Key>
      <X>1314.09729</X>
      <Y>1098.45813</Y>
      <Z>105.757378</Z>
      <Heading>22.1460781</Heading>
      <Threshold>2</Threshold>
      <Description>No description</Description>
    </Position>
    <Position Key="Security_1125465945">
      <Key>Security_1125465945</Key>
      <X>1311.8252</X>
      <Y>1192.22375</Y>
      <Z>107.0035</Z>
      <Heading>110.778931</Heading>
      <Threshold>2</Threshold>
      <Description>No description</Description>
    </Position>
    <Position Key="Security_1125823216">
      <Key>Security_1125823216</Key>
      <X>1312.227</X>
      <Y>1184.98376</Y>
      <Z>106.8504</Z>
      <Heading>97.3779144</Heading>
      <Threshold>2</Threshold>
      <Description>No description</Description>
    </Position>
  </Security>
  <closets>
    <Position Key="Closet_1516635841">
      <Key>Closet_1516635841</Key>
      <X>1403.03516</X>
      <Y>1165.38342</Y>
      <Z>114.346611</Z>
      <Heading>30.5829086</Heading>
      <Threshold>2</Threshold>
      <Description>Closet 1</Description>
    </Position>
  </closets>
  <PointOfInterest>
    <Position Key="Poi_1473902025" actions="sit,smoke,drink-whiskey">
      <Key>Poi_1473902025</Key>
      <X>1393.2124</X>
      <Y>1164.48315</Y>
      <Z>114.372406</Z>
      <Heading>180.917969</Heading>
      <Threshold>2</Threshold>
      <Description>Office couch position left</Description>
    </Position>
    <Position Key="Poi_1479011843" actions="sit,smoke,drink-whiskey">
      <Key>Poi_1479011843</Key>
      <X>1394.39221</X>
      <Y>1164.46741</Y>
      <Z>114.372406</Z>
      <Heading>184.592712</Heading>
      <Threshold>2</Threshold>
      <Description>Office couch right</Description>
    </Position>
    <Position Key="Poi_1516597891" actions="sleep">
      <Key>Poi_1516597891</Key>
      <X>1403.18567</X>
      <Y>1161.72021</Y>
      <Z>114.346611</Z>
      <Heading>45.3762321</Heading>
      <Threshold>2</Threshold>
      <Description>Bed room 1</Description>
    </Position>
    <Position Key="Poi_1515431515" actions="sleep-right">
      <Key>Poi_1515431515</Key>
      <X>1402.76929</X>
      <Y>1165.10657</Y>
      <Z>114.346611</Z>
      <Heading>149.131638</Heading>
      <Threshold>2</Threshold>
      <Description>bed room 1</Description>
    </Position>
    <Position Key="Poi_1497986522" actions="sit,smoke,drink-whiskey">
      <Key>Poi_1497986522</Key>
      <X>1398.98523</X>
      <Y>1159.56128</Y>
      <Z>114.333633</Z>
      <Heading>258.972778</Heading>
      <Threshold>2</Threshold>
      <Description>Chair corridor</Description>
    </Position>
    <Position Key="Poi_1501212987" actions="sit,smoke,drink-whiskey">
      <Key>Poi_1501212987</Key>
      <X>1399.87683</X>
      <Y>1156.17859</Y>
      <Z>114.333649</Z>
      <Heading>96.06146</Heading>
      <Threshold>2</Threshold>
      <Description>Chair corridor 2</Description>
    </Position>
    <Position Key="Poi_1500914514" actions="sit,smoke,drink-whiskey">
      <Key>Poi_1500914514</Key>
      <X>1399.87024</X>
      <Y>1154.74609</Y>
      <Z>114.333633</Z>
      <Heading>86.69861</Heading>
      <Threshold>2</Threshold>
      <Description>Chair corridor 3</Description>
    </Position>
    <Position Key="Poi_1496358226" actions="sit,smoke,drink-whiskey">
      <Key>Poi_1496358226</Key>
      <X>1399.58447</X>
      <Y>1137.13672</Y>
      <Z>114.333549</Z>
      <Heading>96.97555</Heading>
      <Threshold>2</Threshold>
      <Description>Lounge chair corriidor</Description>
    </Position>
    <Position Key="Poi_1484923572" actions="sit,smoke,drink-whiskey">
      <Key>Poi_1484923572</Key>
      <X>1396.968</X>
      <Y>1136.62683</Y>
      <Z>114.333572</Z>
      <Heading>270.2929</Heading>
      <Threshold>2</Threshold>
      <Description>Chair 4</Description>
    </Position>
    <Position Key="Poi_1485618583" actions="sit,smoke,drink-whiskey">
      <Key>Poi_1485618583</Key>
      <X>1397.303</X>
      <Y>1132.61145</Y>
      <Z>114.333549</Z>
      <Heading>88.36403</Heading>
      <Threshold>2</Threshold>
      <Description>Living room coueh left</Description>
    </Position>
    <Position Key="Poi_1467605490" actions="sit,smoke,drink-whiskey">
      <Key>Poi_1467605490</Key>
      <X>1393.14453</X>
      <Y>1132.653</Y>
      <Z>114.333557</Z>
      <Heading>225.496475</Heading>
      <Threshold>2</Threshold>
      <Description>Chair piano</Description>
    </Position>
    <Position Key="Poi_1467096963" actions="sit,smoke,drink-whiskey">
      <Key>Poi_1467096963</Key>
      <X>1393.08447</X>
      <Y>1131.33533</Y>
      <Z>114.33358</Z>
      <Heading>327.301422</Heading>
      <Threshold>2</Threshold>
      <Description>White chair living room</Description>
    </Position>
    <Position Key="Poi_1474849642" actions="sit,smoke,drink-whiskey">
      <Key>Poi_1474849642</Key>
      <X>1394.95422</X>
      <Y>1129.47766</Y>
      <Z>114.33358</Z>
      <Heading>352.245758</Heading>
      <Threshold>2</Threshold>
      <Description>Chair corner left living roo</Description>
    </Position>
    <Position Key="Poi_1478145262">
      <Key>Poi_1478145262</Key>
      <X>1395.70764</X>
      <Y>1129.64026</Y>
      <Z>114.333549</Z>
      <Heading>194.102737</Heading>
      <Threshold>2</Threshold>
      <Description>Lounge chair living room@actions=sit,smoke,drink-whiskey</Description>
    </Position>
    <Position Key="Poi_1460427904" actions="sit,smoke,drink-whiskey">
      <Key>Poi_1460427904</Key>
      <X>1391.63123</X>
      <Y>1129.36462</Y>
      <Z>114.333565</Z>
      <Heading>315.207245</Heading>
      <Threshold>2</Threshold>
      <Description>Chair corner left lv</Description>
    </Position>
    <Position Key="Poi_1462037615" actions="sit,smoke,drink-whiskey">
      <Key>Poi_1462037615</Key>
      <X>1391.77417</X>
      <Y>1134.62024</Y>
      <Z>114.333641</Z>
      <Heading>267.407166</Heading>
      <Threshold>2</Threshold>
      <Description>Lv chair corner right</Description>
    </Position>
    <Position Key="Poi_1546070792" actions="sit,smoke,drink-whiskey">
      <Key>Poi_1546070792</Key>
      <X>1409.94006</X>
      <Y>1162.80237</Y>
      <Z>114.334236</Z>
      <Heading>243.661438</Heading>
      <Threshold>2</Threshold>
      <Description>Bench garden sit right</Description>
    </Position>
  </PointOfInterest>
</Root>