﻿<?xml version="1.0" encoding="utf-8"?>
<Root>
  <Security>
    <Position>
      <Key>security-spot_634997612</Key>
      <X>-2705.03931</X>
      <Y>-69.30768</Y>
      <Z>16.8279037</Z>
      <Heading>0.9664199</Heading>
      <Threshold>2</Threshold>
      <Description></Description>
    </Position>
    <Position>
      <Key>security-spot_699987922</Key>
      <X>-2730.73657</X>
      <Y>-76.50371</Y>
      <Z>6.301983</Z>
      <Heading>183.962341</Heading>
      <Threshold>2</Threshold>
      <Description></Description>
    </Position>
    <Position>
      <Key>security-spot_684965522</Key>
      <X>-2732.111</X>
      <Y>-66.43456</Y>
      <Z>16.7719631</Z>
      <Heading>44.3690376</Heading>
      <Threshold>2</Threshold>
      <Description></Description>
    </Position>
  </Security>
  <closets>
    <Position>
      <Key>closet-spot_628419887</Key>
      <X>-2692.74365</X>
      <Y>-75.96603</Y>
      <Z>16.8120213</Z>
      <Heading>0</Heading>
      <Threshold>2</Threshold>
      <Description></Description>
    </Position>
    <Position>
      <Key>closet-spot_648868570</Key>
      <X>-2700.266</X>
      <Y>-76.4033661</Y>
      <Z>22.2111645</Z>
      <Heading>0</Heading>
      <Threshold>2</Threshold>
      <Description></Description>
    </Position>
    <Position>
      <Key>closet-spot_638147360</Key>
      <X>-2712.784</X>
      <Y>-63.9258</Y>
      <Z>22.2009182</Z>
      <Heading>0</Heading>
      <Threshold>2</Threshold>
      <Description></Description>
    </Position>
  </closets>
  <Showers>
    <Position Key="shower_645923239" offset="1">
      <Key>shower_645923239</Key>
      <X>-2692.93726</X>
      <Y>-80.7681046</Y>
      <Z>21.7849388</Z>
      <Heading>219.765411</Heading>
      <Threshold>2</Threshold>
      <Description>No description</Description>
    </Position>
  </Showers>
  <PointOfInterest>
    <Position Key="Poi_673437104" actions="sleep">
      <Key>Poi_673437104</Key>
      <X>-2704.66846</X>
      <Y>-81.46733</Y>
      <Z>21.7600651</Z>
      <Heading>264.749878</Heading>
      <Threshold>2</Threshold>
      <Description>No description</Description>
    </Position>
    <Position Key="Poi_675512854" actions="sleep-right">
      <Key>Poi_675512854</Key>
      <X>-2702.208</X>
      <Y>-83.92433</Y>
      <Z>21.7600651</Z>
      <Heading>1.06853592</Heading>
      <Threshold>2</Threshold>
      <Description>No description</Description>
    </Position>
    <Position Key="Poi_665532375" actions="sit,smoke,drink-whiskey">
      <Key>Poi_665532375</Key>
      <X>-2697.37329</X>
      <Y>-84.089</Y>
      <Z>21.7579651</Z>
      <Heading>137.424286</Heading>
      <Threshold>2</Threshold>
      <Description>No description</Description>
    </Position>
    <Position Key="Poi_665191399" actions="sit,smoke,drink-whiskey">
      <Key>Poi_665191399</Key>
      <X>-2698.045</X>
      <Y>-83.49316</Y>
      <Z>21.7579632</Z>
      <Heading>145.108673</Heading>
      <Threshold>2</Threshold>
      <Description>No description</Description>
    </Position>
  </PointOfInterest>
</Root>