﻿<?xml version="1.0" encoding="utf-8"?>
<Root>
  <Security>
    <Position Key="Security_1929120526">
      <Key>Security_1929120526</Key>
      <X>1407.85925</X>
      <Y>4733.679</Y>
      <Z>135.862045</Z>
      <Heading>9.869817</Heading>
      <Threshold>2</Threshold>
      <Description>No description</Description>
    </Position>
    <Position Key="Security_1915223966">
      <Key>Security_1915223966</Key>
      <X>1404.65369</X>
      <Y>4733.539</Y>
      <Z>135.886169</Z>
      <Heading>354.0819</Heading>
      <Threshold>2</Threshold>
      <Description>No description</Description>
    </Position>
    <Position Key="Security_1916903324">
      <Key>Security_1916903324</Key>
      <X>1405.17627</X>
      <Y>4722.569</Y>
      <Z>134.840179</Z>
      <Heading>12.3111057</Heading>
      <Threshold>2</Threshold>
      <Description>No description</Description>
    </Position>
    <Position Key="Security_1933548863">
      <Key>Security_1933548863</Key>
      <X>1409.00134</X>
      <Y>4724.04053</Y>
      <Z>134.84021</Z>
      <Heading>22.355648</Heading>
      <Threshold>2</Threshold>
      <Description>No description</Description>
    </Position>
    <Position Key="Security_1870902203">
      <Key>Security_1870902203</Key>
      <X>1394.84216</X>
      <Y>4697.138</Y>
      <Z>134.539856</Z>
      <Heading>201.5286</Heading>
      <Threshold>2</Threshold>
      <Description>No description</Description>
    </Position>
    <Position Key="Security_1844008067">
      <Key>Security_1844008067</Key>
      <X>1388.6521</X>
      <Y>4695.672</Y>
      <Z>134.539764</Z>
      <Heading>191.494919</Heading>
      <Threshold>2</Threshold>
      <Description>No description</Description>
    </Position>
    <Position Key="Security_1869570787">
      <Key>Security_1869570787</Key>
      <X>1394.79858</X>
      <Y>4673.71631</Y>
      <Z>133.9402</Z>
      <Heading>183.894012</Heading>
      <Threshold>2</Threshold>
      <Description>No description</Description>
    </Position>
    <Position Key="Security_2018962209">
      <Key>Security_2018962209</Key>
      <X>1429.008</X>
      <Y>4696.716</Y>
      <Z>134.840118</Z>
      <Heading>204.249237</Heading>
      <Threshold>2</Threshold>
      <Description>No description</Description>
    </Position>
    <Position Key="Security_1999301047">
      <Key>Security_1999301047</Key>
      <X>1424.48389</X>
      <Y>4695.54053</Y>
      <Z>134.840073</Z>
      <Heading>184.378281</Heading>
      <Threshold>2</Threshold>
      <Description>No description</Description>
    </Position>
    <Position Key="Security_2017424313">
      <Key>Security_2017424313</Key>
      <X>1428.55591</X>
      <Y>4698.152</Y>
      <Z>140.239853</Z>
      <Heading>205.505173</Heading>
      <Threshold>2</Threshold>
      <Description>No description</Description>
    </Position>
    <Position Key="Security_1998802894">
      <Key>Security_1998802894</Key>
      <X>1424.2699</X>
      <Y>4697.139</Y>
      <Z>140.239883</Z>
      <Heading>190.157227</Heading>
      <Threshold>2</Threshold>
      <Description>No description</Description>
    </Position>
    <Position Key="Security_1927007564">
      <Key>Security_1927007564</Key>
      <X>1407.43689</X>
      <Y>4721.58838</Y>
      <Z>140.239853</Z>
      <Heading>17.325592</Heading>
      <Threshold>2</Threshold>
      <Description>No description</Description>
    </Position>
    <Position Key="Security_1938249596">
      <Key>Security_1938249596</Key>
      <X>1410.01672</X>
      <Y>4722.90771</Y>
      <Z>140.239853</Z>
      <Heading>20.9144459</Heading>
      <Threshold>2</Threshold>
      <Description>No description</Description>
    </Position>
    <Position Key="Security_2011549026">
      <Key>Security_2011549026</Key>
      <X>1427.1377</X>
      <Y>4718.51172</Y>
      <Z>129.735764</Z>
      <Heading>148.552841</Heading>
      <Threshold>2</Threshold>
      <Description>No description</Description>
    </Position>
  </Security>
  <Showers>
    <Position Key="shower_1969228945" offset="1.5">
      <Key>shower_1969228945</Key>
      <X>1417.28577</X>
      <Y>4719.344</Y>
      <Z>134.842987</Z>
      <Heading>101.766907</Heading>
      <Threshold>2</Threshold>
      <Description>No description</Description>
    </Position>
    <Position Key="shower_1900543533" offset="1.4">
      <Key>shower_1900543533</Key>
      <X>1401.471</X>
      <Y>4708.574</Y>
      <Z>140.282654</Z>
      <Heading>283.827576</Heading>
      <Threshold>2</Threshold>
      <Description>No description</Description>
    </Position>
    <Position Key="shower_1890740453" offset="1.4">
      <Key>shower_1890740453</Key>
      <X>1399.17053</X>
      <Y>4712.09668</Y>
      <Z>140.2827</Z>
      <Heading>98.71061</Heading>
      <Threshold>2</Threshold>
      <Description>No description</Description>
    </Position>
    <Position Key="shower_1925685490" offset="1.05">
      <Key>shower_1925685490</Key>
      <X>1407.20715</X>
      <Y>4714.652</Y>
      <Z>140.243546</Z>
      <Heading>107.528381</Heading>
      <Threshold>2</Threshold>
      <Description>No description</Description>
    </Position>
  </Showers>
  <closets>
    <Position Key="Closet_1919940994">
      <Key>Closet_1919940994</Key>
      <X>1405.91663</X>
      <Y>4718.945</Y>
      <Z>134.840042</Z>
      <Heading>107.080238</Heading>
      <Threshold>2</Threshold>
      <Description>No description</Description>
    </Position>
    <Position Key="Closet_1969137839">
      <Key>Closet_1969137839</Key>
      <X>1417.19214</X>
      <Y>4718.515</Y>
      <Z>140.239883</Z>
      <Heading>229.7715</Heading>
      <Threshold>2</Threshold>
      <Description>No description</Description>
    </Position>
    <Position Key="Closet_1881307963">
      <Key>Closet_1881307963</Key>
      <X>1396.98694</X>
      <Y>4712.799</Y>
      <Z>140.239792</Z>
      <Heading>271.720367</Heading>
      <Threshold>2</Threshold>
      <Description>No description</Description>
    </Position>
    <Position Key="Closet_1887740512">
      <Key>Closet_1887740512</Key>
      <X>1398.535</X>
      <Y>4706.93457</Y>
      <Z>140.2398</Z>
      <Heading>274.0334</Heading>
      <Threshold>2</Threshold>
      <Description>No description</Description>
    </Position>
  </closets>
  <PointOfInterest>
    <Position Key="Poi_1858396962" actions="sleep">
      <Key>Poi_1858396962</Key>
      <X>1391.79431</X>
      <Y>4704.10059</Y>
      <Z>140.259979</Z>
      <Heading>319.852753</Heading>
      <Threshold>2</Threshold>
      <Description>No description</Description>
    </Position>
    <Position Key="Poi_1873022041" actions="sleep-right">
      <Key>Poi_1873022041</Key>
      <X>1395.16</X>
      <Y>4704.939</Y>
      <Z>140.259979</Z>
      <Heading>63.1842651</Heading>
      <Threshold>2</Threshold>
      <Description>No description</Description>
    </Position>
    <Position Key="Poi_1931492896" actions="sit,smoke,drink-whiskey">
      <Key>Poi_1931492896</Key>
      <X>1408.56189</X>
      <Y>4720.82275</Y>
      <Z>134.840256</Z>
      <Heading>118.938629</Heading>
      <Threshold>2</Threshold>
      <Description>No description</Description>
    </Position>
    <Position Key="Poi_1933879720" actions="sit,smoke,drink-whiskey">
      <Key>Poi_1933879720</Key>
      <X>1409.1272</X>
      <Y>4719.486</Y>
      <Z>134.84024</Z>
      <Heading>102.775047</Heading>
      <Threshold>2</Threshold>
      <Description>No description</Description>
    </Position>
    <Position Key="Poi_1895758393" actions="sit,smoke,drink-whiskey">
      <Key>Poi_1895758393</Key>
      <X>1400.40173</X>
      <Y>4712.92725</Y>
      <Z>134.84024</Z>
      <Heading>100.891174</Heading>
      <Threshold>2</Threshold>
      <Description>No description</Description>
    </Position>
    <Position Key="Poi_1897215259" actions="sit,smoke,drink-whiskey">
      <Key>Poi_1897215259</Key>
      <X>1400.75244</X>
      <Y>4711.591</Y>
      <Z>134.84024</Z>
      <Heading>90.4786758</Heading>
      <Threshold>2</Threshold>
      <Description>No description</Description>
    </Position>
    <Position Key="Poi_1898023939" actions="sit,smoke,drink-whiskey">
      <Key>Poi_1898023939</Key>
      <X>1400.94666</X>
      <Y>4710.891</Y>
      <Z>134.84024</Z>
      <Heading>77.45054</Heading>
      <Threshold>2</Threshold>
      <Description>No description</Description>
    </Position>
    <Position Key="Poi_1894880667" actions="sit,smoke,drink-whiskey">
      <Key>Poi_1894880667</Key>
      <X>1400.22339</X>
      <Y>4710.701</Y>
      <Z>134.84024</Z>
      <Heading>19.3625984</Heading>
      <Threshold>2</Threshold>
      <Description>No description</Description>
    </Position>
    <Position Key="Poi_1890259829" actions="sit,smoke,drink-whiskey">
      <Key>Poi_1890259829</Key>
      <X>1399.15979</X>
      <Y>4710.45361</Y>
      <Z>134.84024</Z>
      <Heading>8.194181</Heading>
      <Threshold>2</Threshold>
      <Description>No description</Description>
    </Position>
    <Position Key="Poi_1882397361" actions="sit,smoke,drink-whiskey">
      <Key>Poi_1882397361</Key>
      <X>1397.3512</X>
      <Y>4709.93652</Y>
      <Z>134.83342</Z>
      <Heading>22.66162</Heading>
      <Threshold>2</Threshold>
      <Description>No description</Description>
    </Position>
    <Position Key="Poi_1877220471" actions="sit,smoke,drink-whiskey">
      <Key>Poi_1877220471</Key>
      <X>1396.15942</X>
      <Y>4709.667</Y>
      <Z>134.840027</Z>
      <Heading>12.0260086</Heading>
      <Threshold>2</Threshold>
      <Description>No description</Description>
    </Position>
    <Position Key="Poi_1873606365" actions="sit,smoke,drink-whiskey">
      <Key>Poi_1873606365</Key>
      <X>1395.32837</X>
      <Y>4709.398</Y>
      <Z>134.840012</Z>
      <Heading>345.0066</Heading>
      <Threshold>2</Threshold>
      <Description>No description</Description>
    </Position>
    <Position Key="Poi_1873240228" actions="sit,smoke,drink-whiskey">
      <Key>Poi_1873240228</Key>
      <X>1395.23621</X>
      <Y>4710.104</Y>
      <Z>134.840012</Z>
      <Heading>285.496857</Heading>
      <Threshold>2</Threshold>
      <Description>No description</Description>
    </Position>
    <Position Key="Poi_1871721891" actions="sit,smoke,drink-whiskey">
      <Key>Poi_1871721891</Key>
      <X>1394.87524</X>
      <Y>4711.015</Y>
      <Z>134.885757</Z>
      <Heading>283.0301</Heading>
      <Threshold>2</Threshold>
      <Description>No description</Description>
    </Position>
    <Position Key="Poi_1850031403" actions="sit,smoke,drink-whiskey">
      <Key>Poi_1850031403</Key>
      <X>1389.86084</X>
      <Y>4711.923</Y>
      <Z>134.84024</Z>
      <Heading>280.992981</Heading>
      <Threshold>2</Threshold>
      <Description>No description</Description>
    </Position>
    <Position Key="Poi_1850657822" actions="sit,smoke,drink-whiskey">
      <Key>Poi_1850657822</Key>
      <X>1390.01147</X>
      <Y>4711.36328</Y>
      <Z>134.8401</Z>
      <Heading>283.531128</Heading>
      <Threshold>2</Threshold>
      <Description>No description</Description>
    </Position>
    <Position Key="Poi_1852407421" actions="sit,smoke,drink-whiskey">
      <Key>Poi_1852407421</Key>
      <X>1390.42761</X>
      <Y>4710.22168</Y>
      <Z>134.840286</Z>
      <Heading>298.5164</Heading>
      <Threshold>2</Threshold>
      <Description>No description</Description>
    </Position>
    <Position Key="Poi_1961867606" actions="sit,smoke,drink-whiskey">
      <Key>Poi_1961867606</Key>
      <X>1415.74414</X>
      <Y>4704.89941</Y>
      <Z>134.8401</Z>
      <Heading>127.348732</Heading>
      <Threshold>2</Threshold>
      <Description>No description</Description>
    </Position>
    <Position Key="Poi_1964512008" actions="sit,smoke,drink-whiskey">
      <Key>Poi_1964512008</Key>
      <X>1416.36182</X>
      <Y>4704.213</Y>
      <Z>134.8401</Z>
      <Heading>128.975967</Heading>
      <Threshold>2</Threshold>
      <Description>No description</Description>
    </Position>
    <Position Key="Poi_1966551026" actions="sit,smoke,drink-whiskey">
      <Key>Poi_1966551026</Key>
      <X>1416.83838</X>
      <Y>4703.65674</Y>
      <Z>134.840088</Z>
      <Heading>131.14032</Heading>
      <Threshold>2</Threshold>
      <Description>No description</Description>
    </Position>
    <Position Key="Poi_1976126541" actions="sit,smoke,drink-whiskey">
      <Key>Poi_1976126541</Key>
      <X>1419.06531</X>
      <Y>4702.064</Y>
      <Z>134.84</Z>
      <Heading>158.441223</Heading>
      <Threshold>2</Threshold>
      <Description>No description</Description>
    </Position>
    <Position Key="Poi_1979304290" actions="sit,smoke,drink-whiskey">
      <Key>Poi_1979304290</Key>
      <X>1419.80176</X>
      <Y>4701.773</Y>
      <Z>134.84</Z>
      <Heading>147.502</Heading>
      <Threshold>2</Threshold>
      <Description>No description</Description>
    </Position>
    <Position Key="Poi_1983079924" actions="sit,smoke,drink-whiskey">
      <Key>Poi_1983079924</Key>
      <X>1420.67712</X>
      <Y>4701.39453</Y>
      <Z>134.84</Z>
      <Heading>151.61026</Heading>
      <Threshold>2</Threshold>
      <Description>No description</Description>
    </Position>
    <Position Key="Poi_2012893646" actions="sit,smoke,drink-whiskey">
      <Key>Poi_2012893646</Key>
      <X>1427.54553</X>
      <Y>4702.395</Y>
      <Z>134.8687</Z>
      <Heading>216.044769</Heading>
      <Threshold>2</Threshold>
      <Description>No description</Description>
    </Position>
    <Position Key="Poi_2016550209" actions="sit,smoke,drink-whiskey">
      <Key>Poi_2016550209</Key>
      <X>1428.38293</X>
      <Y>4703.021</Y>
      <Z>134.840271</Z>
      <Heading>212.870758</Heading>
      <Threshold>2</Threshold>
      <Description>No description</Description>
    </Position>
    <Position Key="Poi_2019593589" actions="sit,smoke,drink-whiskey">
      <Key>Poi_2019593589</Key>
      <X>1429.07922</X>
      <Y>4703.57227</Y>
      <Z>134.840225</Z>
      <Heading>212.294388</Heading>
      <Threshold>2</Threshold>
      <Description>No description</Description>
    </Position>
    <Position Key="Poi_2027945396" actions="sit,smoke,drink-whiskey">
      <Key>Poi_2027945396</Key>
      <X>1430.98083</X>
      <Y>4705.92969</Y>
      <Z>134.84024</Z>
      <Heading>234.4226</Heading>
      <Threshold>2</Threshold>
      <Description>No description</Description>
    </Position>
    <Position Key="Poi_2029536569" actions="sit,smoke,drink-whiskey">
      <Key>Poi_2029536569</Key>
      <X>1431.33765</X>
      <Y>4706.84961</Y>
      <Z>134.864258</Z>
      <Heading>249.614288</Heading>
      <Threshold>2</Threshold>
      <Description>No description</Description>
    </Position>
    <Position Key="Poi_2031123582" actions="sit,smoke,drink-whiskey">
      <Key>Poi_2031123582</Key>
      <X>1431.6925</X>
      <Y>4707.92773</Y>
      <Z>134.84024</Z>
      <Heading>233.743042</Heading>
      <Threshold>2</Threshold>
      <Description>No description</Description>
    </Position>
    <Position Key="Poi_2036604627" actions="jogging">
      <Key>Poi_2036604627</Key>
      <X>1433.027</X>
      <Y>4701.303</Y>
      <Z>134.993713</Z>
      <Heading>220.110641</Heading>
      <Threshold>2</Threshold>
      <Description>No description</Description>
    </Position>
    <Position Key="Poi_2050567185" actions="jogging">
      <Key>Poi_2050567185</Key>
      <X>1436.20935</X>
      <Y>4704.94336</Y>
      <Z>134.994675</Z>
      <Heading>230.786423</Heading>
      <Threshold>2</Threshold>
      <Description>No description</Description>
    </Position>
    <Position Key="Poi_2058287834" actions="jogging">
      <Key>Poi_2058287834</Key>
      <X>1437.94458</X>
      <Y>4709.212</Y>
      <Z>134.992355</Z>
      <Heading>254.780579</Heading>
      <Threshold>2</Threshold>
      <Description>No description</Description>
    </Position>
    <Position Key="Poi_2044393888" actions="bbq">
      <Key>Poi_2044393888</Key>
      <X>1435.03015</X>
      <Y>4683.777</Y>
      <Z>133.985611</Z>
      <Heading>203.510345</Heading>
      <Threshold>2</Threshold>
      <Description>No description</Description>
    </Position>
    <Position Key="Poi_1901826192" actions="sit,smoke,drink-whiskey">
      <Key>Poi_1901826192</Key>
      <X>1401.9519</X>
      <Y>4699.129</Y>
      <Z>134.840012</Z>
      <Heading>187.4928</Heading>
      <Threshold>2</Threshold>
      <Description>No description</Description>
    </Position>
    <Position Key="Poi_1813953597" actions="sit,smoke,drink-whiskey">
      <Key>Poi_1813953597</Key>
      <X>1381.85217</X>
      <Y>4684.054</Y>
      <Z>133.9403</Z>
      <Heading>279.270477</Heading>
      <Threshold>2</Threshold>
      <Description>No description</Description>
    </Position>
    <Position Key="Poi_1812695704" actions="sit,smoke,drink-whiskey">
      <Key>Poi_1812695704</Key>
      <X>1381.5448</X>
      <Y>4685.628</Y>
      <Z>133.9403</Z>
      <Heading>239.412079</Heading>
      <Threshold>2</Threshold>
      <Description>No description</Description>
    </Position>
    <Position Key="Poi_1988035284" actions="sit,smoke,drink-whiskey">
      <Key>Poi_1988035284</Key>
      <X>1421.865</X>
      <Y>4697.311</Y>
      <Z>134.840149</Z>
      <Heading>353.239349</Heading>
      <Threshold>2</Threshold>
      <Description>No description</Description>
    </Position>
    <Position Key="Poi_1992800539" actions="sit,smoke,drink-whiskey">
      <Key>Poi_1992800539</Key>
      <X>1422.96484</X>
      <Y>4697.289</Y>
      <Z>134.840149</Z>
      <Heading>357.721</Heading>
      <Threshold>2</Threshold>
      <Description>No description</Description>
    </Position>
    <Position Key="Poi_1997619851" actions="sit,smoke,drink-whiskey">
      <Key>Poi_1997619851</Key>
      <X>1424.07617</X>
      <Y>4697.334</Y>
      <Z>134.858154</Z>
      <Heading>10.4780483</Heading>
      <Threshold>2</Threshold>
      <Description>No description</Description>
    </Position>
    <Position Key="Poi_2040522161" actions="push-ups">
      <Key>Poi_2040522161</Key>
      <X>1433.83984</X>
      <Y>4709.901</Y>
      <Z>134.8402</Z>
      <Heading>283.33136</Heading>
      <Threshold>2</Threshold>
      <Description>No description</Description>
    </Position>
    <Position Key="Poi_2049304026" actions="sit-up">
      <Key>Poi_2049304026</Key>
      <X>1435.82886</X>
      <Y>4713.31348</Y>
      <Z>134.864487</Z>
      <Heading>214.55452</Heading>
      <Threshold>2</Threshold>
      <Description>No description</Description>
    </Position>
    <Position Key="Poi_2051528689" actions="push-ups">
      <Key>Poi_2051528689</Key>
      <X>1436.40332</X>
      <Y>4707.72559</Y>
      <Z>134.840088</Z>
      <Heading>273.60788</Heading>
      <Threshold>2</Threshold>
      <Description>No description</Description>
    </Position>
    <Position Key="Poi_1973837506" actions="sit,smoke,drink-whiskey">
      <Key>Poi_1973837506</Key>
      <X>1418.31555</X>
      <Y>4722.442</Y>
      <Z>134.843063</Z>
      <Heading>110.540512</Heading>
      <Threshold>2</Threshold>
      <Description>No description</Description>
    </Position>
    <Position Key="Poi_2032818122" actions="sit,smoke,drink-whiskey">
      <Key>Poi_2032818122</Key>
      <X>1431.985</X>
      <Y>4716.994</Y>
      <Z>134.840118</Z>
      <Heading>22.8247967</Heading>
      <Threshold>2</Threshold>
      <Description>No description</Description>
    </Position>
    <Position Key="Poi_2036485219" actions="sit,smoke,drink-whiskey">
      <Key>Poi_2036485219</Key>
      <X>1432.82874</X>
      <Y>4717.22</Y>
      <Z>134.840118</Z>
      <Heading>16.7664661</Heading>
      <Threshold>2</Threshold>
      <Description>No description</Description>
    </Position>
    <Position Key="Poi_2039775093" actions="sit,smoke,drink-whiskey">
      <Key>Poi_2039775093</Key>
      <X>1433.58435</X>
      <Y>4717.54639</Y>
      <Z>134.840118</Z>
      <Heading>28.09739</Heading>
      <Threshold>2</Threshold>
      <Description>No description</Description>
    </Position>
    <Position Key="Poi_1985611377" actions="sit,smoke,drink-whiskey">
      <Key>Poi_1985611377</Key>
      <X>1421.01892</X>
      <Y>4723.691</Y>
      <Z>134.840057</Z>
      <Heading>286.51355</Heading>
      <Threshold>2</Threshold>
      <Description>No description</Description>
    </Position>
    <Position Key="Poi_1984345848" actions="sit,smoke,drink-whiskey">
      <Key>Poi_1984345848</Key>
      <X>1420.71484</X>
      <Y>4724.75049</Y>
      <Z>134.875153</Z>
      <Heading>294.66864</Heading>
      <Threshold>2</Threshold>
      <Description>No description</Description>
    </Position>
    <Position Key="Poi_1983506109" actions="sit,smoke,drink-whiskey">
      <Key>Poi_1983506109</Key>
      <X>1420.51257</X>
      <Y>4725.58057</Y>
      <Z>134.840271</Z>
      <Heading>256.3241</Heading>
      <Threshold>2</Threshold>
      <Description>No description</Description>
    </Position>
    <Position Key="Poi_1986311856" actions="sit,smoke,drink-whiskey">
      <Key>Poi_1986311856</Key>
      <X>1421.15784</X>
      <Y>4725.78125</Y>
      <Z>134.840271</Z>
      <Heading>201.759232</Heading>
      <Threshold>2</Threshold>
      <Description>No description</Description>
    </Position>
    <Position Key="Poi_1991473677" actions="sit,smoke,drink-whiskey">
      <Key>Poi_1991473677</Key>
      <X>1422.34583</X>
      <Y>4726.07</Y>
      <Z>134.840271</Z>
      <Heading>189.493118</Heading>
      <Threshold>2</Threshold>
      <Description>No description</Description>
    </Position>
    <Position Key="Poi_1994677692" actions="sit,smoke,drink-whiskey">
      <Key>Poi_1994677692</Key>
      <X>1423.09753</X>
      <Y>4724.93262</Y>
      <Z>134.840271</Z>
      <Heading>83.78858</Heading>
      <Threshold>2</Threshold>
      <Description>No description</Description>
    </Position>
    <Position Key="Poi_1990777535" actions="sit,smoke,drink-whiskey">
      <Key>Poi_1990777535</Key>
      <X>1422.21216</X>
      <Y>4723.58838</Y>
      <Z>134.840256</Z>
      <Heading>9.76023</Heading>
      <Threshold>2</Threshold>
      <Description>No description</Description>
    </Position>
    <Position Key="Poi_2037337970" actions="sit,smoke,drink-whiskey">
      <Key>Poi_2037337970</Key>
      <X>1433.03369</X>
      <Y>4708.955</Y>
      <Z>140.239914</Z>
      <Heading>176.559967</Heading>
      <Threshold>2</Threshold>
      <Description>No description</Description>
    </Position>
    <Position Key="Poi_2035532036" actions="sit,smoke,drink-whiskey">
      <Key>Poi_2035532036</Key>
      <X>1432.66138</X>
      <Y>4704.86865</Y>
      <Z>140.23996</Z>
      <Heading>60.32431</Heading>
      <Threshold>2</Threshold>
      <Description>No description</Description>
    </Position>
    <Position Key="Poi_2032105933" actions="sit,smoke,drink-whiskey">
      <Key>Poi_2032105933</Key>
      <X>1431.88208</X>
      <Y>4703.829</Y>
      <Z>140.23996</Z>
      <Heading>41.84574</Heading>
      <Threshold>2</Threshold>
      <Description>No description</Description>
    </Position>
    <Position Key="Poi_2027674936" actions="sit,smoke,drink-whiskey">
      <Key>Poi_2027674936</Key>
      <X>1430.86267</X>
      <Y>4703.54639</Y>
      <Z>140.239944</Z>
      <Heading>345.869965</Heading>
      <Threshold>2</Threshold>
      <Description>No description</Description>
    </Position>
    <Position Key="Poi_1985805875" actions="sit,smoke,drink-whiskey">
      <Key>Poi_1985805875</Key>
      <X>1421.1875</X>
      <Y>4704.734</Y>
      <Z>140.285934</Z>
      <Heading>166.529221</Heading>
      <Threshold>2</Threshold>
      <Description>No description</Description>
    </Position>
    <Position Key="Poi_1982737745" actions="sit,smoke,drink-whiskey">
      <Key>Poi_1982737745</Key>
      <X>1420.47693</X>
      <Y>4705.00732</Y>
      <Z>140.259979</Z>
      <Heading>158.6673</Heading>
      <Threshold>2</Threshold>
      <Description>No description</Description>
    </Position>
    <Position Key="Poi_1978467749" actions="sit,smoke,drink-whiskey">
      <Key>Poi_1978467749</Key>
      <X>1419.48767</X>
      <Y>4705.36865</Y>
      <Z>140.259979</Z>
      <Heading>165.864822</Heading>
      <Threshold>2</Threshold>
      <Description>No description</Description>
    </Position>
    <Position Key="Poi_1981924620" actions="sit,smoke,drink-whiskeyg">
      <Key>Poi_1981924620</Key>
      <X>1420.35083</X>
      <Y>4699.374</Y>
      <Z>140.239883</Z>
      <Heading>351.2337</Heading>
      <Threshold>2</Threshold>
      <Description>No description</Description>
    </Position>
    <Position Key="Poi_1975318381" actions="sit,smoke,drink-whiskey">
      <Key>Poi_1975318381</Key>
      <X>1418.82251</X>
      <Y>4699.73145</Y>
      <Z>140.23996</Z>
      <Heading>338.897827</Heading>
      <Threshold>2</Threshold>
      <Description>No description</Description>
    </Position>
    <Position Key="Poi_1967172124" actions="sit,smoke,drink-whiskey">
      <Key>Poi_1967172124</Key>
      <X>1416.93579</X>
      <Y>4700.36768</Y>
      <Z>140.239929</Z>
      <Heading>333.646759</Heading>
      <Threshold>2</Threshold>
      <Description>No description</Description>
    </Position>
    <Position Key="Poi_1959276591" actions="sit,smoke,drink-whiskey">
      <Key>Poi_1959276591</Key>
      <X>1415.10632</X>
      <Y>4700.819</Y>
      <Z>140.412933</Z>
      <Heading>331.929932</Heading>
      <Threshold>2</Threshold>
      <Description>No description</Description>
    </Position>
    <Position Key="Poi_1955856572" actions="sit,smoke,drink-whiskey">
      <Key>Poi_1955856572</Key>
      <X>1414.31384</X>
      <Y>4701.3623</Y>
      <Z>140.239746</Z>
      <Heading>335.825653</Heading>
      <Threshold>2</Threshold>
      <Description>No description</Description>
    </Position>
    <Position Key="Poi_1930045074" actions="sit,smoke,drink-whiskey">
      <Key>Poi_1930045074</Key>
      <X>1408.28357</X>
      <Y>4708.137</Y>
      <Z>140.269913</Z>
      <Heading>160.121185</Heading>
      <Threshold>2</Threshold>
      <Description>No description</Description>
    </Position>
    <Position Key="Poi_1935116137" actions="sit,smoke,drink-whiskey">
      <Key>Poi_1935116137</Key>
      <X>1409.45093</X>
      <Y>4708.397</Y>
      <Z>140.269913</Z>
      <Heading>191.412567</Heading>
      <Threshold>2</Threshold>
      <Description>No description</Description>
    </Position>
    <Position Key="Poi_1939024688" actions="sit,smoke,drink-whiskey">
      <Key>Poi_1939024688</Key>
      <X>1410.349</X>
      <Y>4708.75146</Y>
      <Z>140.269913</Z>
      <Heading>179.0256</Heading>
      <Threshold>2</Threshold>
      <Description>No description</Description>
    </Position>
    <Position Key="Poi_1939420138" actions="sit,smoke,drink-whiskey">
      <Key>Poi_1939420138</Key>
      <X>1410.44788</X>
      <Y>4708.05</Y>
      <Z>140.270081</Z>
      <Heading>92.9430542</Heading>
      <Threshold>2</Threshold>
      <Description>No description</Description>
    </Position>
    <Position Key="Poi_1940192984" actions="sit,smoke,drink-whiskey">
      <Key>Poi_1940192984</Key>
      <X>1410.63965</X>
      <Y>4706.814</Y>
      <Z>140.270081</Z>
      <Heading>94.8898</Heading>
      <Threshold>2</Threshold>
      <Description>No description</Description>
    </Position>
    <Position Key="Poi_1960094906" actions="sit,smoke,drink-whiskey">
      <Key>Poi_1960094906</Key>
      <X>1415.0542</X>
      <Y>4723.199</Y>
      <Z>140.260239</Z>
      <Heading>189.83017</Heading>
      <Threshold>2</Threshold>
      <Description>No description</Description>
    </Position>
    <Position Key="Poi_1956985969" actions="sit,smoke,drink-whiskey">
      <Key>Poi_1956985969</Key>
      <X>1414.36829</X>
      <Y>4720.30469</Y>
      <Z>140.258072</Z>
      <Heading>108.002396</Heading>
      <Threshold>2</Threshold>
      <Description>No description</Description>
    </Position>
    <Position Key="Poi_1955775562" actions="sit,smoke,drink-whiskey">
      <Key>Poi_1955775562</Key>
      <X>1414.07642</X>
      <Y>4721.45752</Y>
      <Z>140.26004</Z>
      <Heading>118.386871</Heading>
      <Threshold>2</Threshold>
      <Description>No description</Description>
    </Position>
    <Position Key="Poi_1911741443" actions="sit,smoke,drink-whiskey">
      <Key>Poi_1911741443</Key>
      <X>1403.95984</X>
      <Y>4717.38</Y>
      <Z>140.242172</Z>
      <Heading>281.6064</Heading>
      <Threshold>2</Threshold>
      <Description>No description</Description>
    </Position>
    <Position Key="Poi_1841925510" actions="sit,smoke,drink-whiskey">
      <Key>Poi_1841925510</Key>
      <X>1387.89941</X>
      <Y>4712.77637</Y>
      <Z>140.239944</Z>
      <Heading>204.335037</Heading>
      <Threshold>2</Threshold>
      <Description>No description</Description>
    </Position>
    <Position Key="Poi_1837469973" actions="sit,smoke,drink-whiskey">
      <Key>Poi_1837469973</Key>
      <X>1386.87427</X>
      <Y>4712.50049</Y>
      <Z>140.239944</Z>
      <Heading>206.431168</Heading>
      <Threshold>2</Threshold>
      <Description>No description</Description>
    </Position>
    <Position Key="Poi_1807308209" actions="sit,smoke,drink-whiskey">
      <Key>Poi_1807308209</Key>
      <X>1379.96582</X>
      <Y>4707.755</Y>
      <Z>140.239929</Z>
      <Heading>99.31596</Heading>
      <Threshold>2</Threshold>
      <Description>No description</Description>
    </Position>
    <Position Key="Poi_1806276038" actions="sit,smoke,drink-whiskey">
      <Key>Poi_1806276038</Key>
      <X>1379.71619</X>
      <Y>4708.80859</Y>
      <Z>140.239929</Z>
      <Heading>102.260612</Heading>
      <Threshold>2</Threshold>
      <Description>No description</Description>
    </Position>
    <Position Key="Poi_1800841828" actions="sit,smoke,drink-whiskey">
      <Key>Poi_1800841828</Key>
      <X>1378.45313</X>
      <Y>4709.644</Y>
      <Z>140.239929</Z>
      <Heading>197.989822</Heading>
      <Threshold>2</Threshold>
      <Description>No description</Description>
    </Position>
    <Position Key="Poi_1795961435" actions="sit,smoke,drink-whiskey">
      <Key>Poi_1795961435</Key>
      <X>1377.3302</X>
      <Y>4709.344</Y>
      <Z>140.239929</Z>
      <Heading>205.653778</Heading>
      <Threshold>2</Threshold>
      <Description>No description</Description>
    </Position>
    <Position Key="Poi_1790383337" actions="sit,smoke,drink-whiskey">
      <Key>Poi_1790383337</Key>
      <X>1376.06226</X>
      <Y>4707.574</Y>
      <Z>140.239929</Z>
      <Heading>281.919556</Heading>
      <Threshold>2</Threshold>
      <Description>No description</Description>
    </Position>
    <Position Key="Poi_1791724083" actions="sit,smoke,drink-whiskey">
      <Key>Poi_1791724083</Key>
      <X>1376.38574</X>
      <Y>4706.27734</Y>
      <Z>140.239685</Z>
      <Heading>291.1964</Heading>
      <Threshold>2</Threshold>
      <Description>No description</Description>
    </Position>
    <Position Key="Poi_1797049733" actions="sit,smoke,drink-whiskey">
      <Key>Poi_1797049733</Key>
      <X>1377.62061</X>
      <Y>4705.73145</Y>
      <Z>140.239685</Z>
      <Heading>8.689931</Heading>
      <Threshold>2</Threshold>
      <Description>No description</Description>
    </Position>
    <Position Key="Poi_1801351193" actions="sit,smoke,drink-whiskey">
      <Key>Poi_1801351193</Key>
      <X>1378.61035</X>
      <Y>4705.993</Y>
      <Z>140.239685</Z>
      <Heading>22.0496731</Heading>
      <Threshold>2</Threshold>
      <Description>No description</Description>
    </Position>
    <Position Key="Poi_1823656204" actions="sit,smoke,drink-whiskey">
      <Key>Poi_1823656204</Key>
      <X>1383.86584</X>
      <Y>4696.01465</Y>
      <Z>140.239716</Z>
      <Heading>198.072937</Heading>
      <Threshold>2</Threshold>
      <Description>No description</Description>
    </Position>
    <Position Key="Poi_1811588722" actions="sit,smoke,drink-whiskey">
      <Key>Poi_1811588722</Key>
      <X>1381.09753</X>
      <Y>4694.51074</Y>
      <Z>140.240021</Z>
      <Heading>223.17041</Heading>
      <Threshold>2</Threshold>
      <Description>No description</Description>
    </Position>
    <Position Key="Poi_1959168166" actions="sit,smoke,drink-whiskey">
      <Key>Poi_1959168166</Key>
      <X>1414.8772</X>
      <Y>4727.35</Y>
      <Z>134.840118</Z>
      <Heading>22.6853886</Heading>
      <Threshold>2</Threshold>
      <Description>No description</Description>
    </Position>
    <Position Key="Poi_1953146099" actions="sit,smoke,drink-whiskey">
      <Key>Poi_1953146099</Key>
      <X>1413.49243</X>
      <Y>4726.90234</Y>
      <Z>134.840118</Z>
      <Heading>10.9079409</Heading>
      <Threshold>2</Threshold>
      <Description>No description</Description>
    </Position>
    <Position Key="Poi_1881858243" actions="sit,smoke,drink-whiskey">
      <Key>Poi_1881858243</Key>
      <X>1397.12158</X>
      <Y>4719.60645</Y>
      <Z>134.840118</Z>
      <Heading>18.96695</Heading>
      <Threshold>2</Threshold>
      <Description>No description</Description>
    </Position>
    <Position Key="Poi_1874910099" actions="sit,smoke,drink-whiskey">
      <Key>Poi_1874910099</Key>
      <X>1395.52454</X>
      <Y>4719.02832</Y>
      <Z>134.840042</Z>
      <Heading>21.7527046</Heading>
      <Threshold>2</Threshold>
      <Description>No description</Description>
    </Position>
    <Position Key="Poi_1854303180" actions="sit,smoke,drink-whiskey">
      <Key>Poi_1854303180</Key>
      <X>1390.78381</X>
      <Y>4717.69775</Y>
      <Z>134.840042</Z>
      <Heading>13.0414867</Heading>
      <Threshold>2</Threshold>
      <Description>No description</Description>
    </Position>
    <Position Key="Poi_1846844855" actions="sit,smoke,drink-whiskey">
      <Key>Poi_1846844855</Key>
      <X>1389.06677</X>
      <Y>4717.328</Y>
      <Z>134.840042</Z>
      <Heading>13.5449877</Heading>
      <Threshold>2</Threshold>
      <Description>No description</Description>
    </Position>
    <Position Key="Poi_1783480914" actions="sit,smoke,drink-whiskey">
      <Key>Poi_1783480914</Key>
      <X>1374.45728</X>
      <Y>4716.20947</Y>
      <Z>134.840057</Z>
      <Heading>48.2094574</Heading>
      <Threshold>2</Threshold>
      <Description>No description</Description>
    </Position>
    <Position Key="Poi_1781287768" actions="sit,smoke,drink-whiskey">
      <Key>Poi_1781287768</Key>
      <X>1373.93689</X>
      <Y>4717.393</Y>
      <Z>134.9351</Z>
      <Heading>171.954788</Heading>
      <Threshold>2</Threshold>
      <Description>No description</Description>
    </Position>
    <Position Key="Poi_1772923428" actions="sit,smoke,drink-whiskey">
      <Key>Poi_1772923428</Key>
      <X>1372.0072</X>
      <Y>4717.485</Y>
      <Z>134.840012</Z>
      <Heading>156.237411</Heading>
      <Threshold>2</Threshold>
      <Description>No description</Description>
    </Position>
    <Position Key="Poi_1768933482" actions="sit,smoke,drink-whiskey">
      <Key>Poi_1768933482</Key>
      <X>1371.09778</X>
      <Y>4716.447</Y>
      <Z>134.840042</Z>
      <Heading>318.078674</Heading>
      <Threshold>2</Threshold>
      <Description>No description</Description>
    </Position>
    <Position Key="Poi_1774262317" actions="sit,smoke,drink-whiskey">
      <Key>Poi_1774262317</Key>
      <X>1372.32837</X>
      <Y>4716.36133</Y>
      <Z>134.84021</Z>
      <Heading>347.268524</Heading>
      <Threshold>2</Threshold>
      <Description>No description</Description>
    </Position>
    <Position Key="Poi_1997058566" actions="sit,smoke,drink-whiskey">
      <Key>Poi_1997058566</Key>
      <X>1423.57959</X>
      <Y>4723.574</Y>
      <Z>140.269943</Z>
      <Heading>144.462036</Heading>
      <Threshold>2</Threshold>
      <Description>No description</Description>
    </Position>
    <Position Key="Poi_1992670189" actions="sit,smoke,drink-whiskey">
      <Key>Poi_1992670189</Key>
      <X>1422.56079</X>
      <Y>4724.14</Y>
      <Z>140.269943</Z>
      <Heading>171.415</Heading>
      <Threshold>2</Threshold>
      <Description>No description</Description>
    </Position>
    <Position Key="Poi_1987132249" actions="sit,smoke,drink-whiskey">
      <Key>Poi_1987132249</Key>
      <X>1421.28589</X>
      <Y>4723.863</Y>
      <Z>140.269943</Z>
      <Heading>206.15831</Heading>
      <Threshold>2</Threshold>
      <Description>No description</Description>
    </Position>
    <Position Key="Poi_1979790428" actions="sit,smoke,drink-whiskey">
      <Key>Poi_1979790428</Key>
      <X>1419.6615</X>
      <Y>4717.48438</Y>
      <Z>140.2399</Z>
      <Heading>243.492264</Heading>
      <Threshold>2</Threshold>
      <Description>No description</Description>
    </Position>
    <Position Key="Poi_1974255403" actions="sit,smoke,drink-whiskey">
      <Key>Poi_1974255403</Key>
      <X>1418.39941</X>
      <Y>4716.06152</Y>
      <Z>140.260162</Z>
      <Heading>238.097229</Heading>
      <Threshold>2</Threshold>
      <Description>No description</Description>
    </Position>
    <Position Key="Poi_1963973741" actions="sleep">
      <Key>Poi_1963973741</Key>
      <X>1415.95044</X>
      <Y>4723.09131</Y>
      <Z>140.260239</Z>
      <Heading>231.775513</Heading>
      <Threshold>2</Threshold>
      <Description>No description</Description>
    </Position>
    <Position Key="Poi_1966942327" actions="sleep-right">
      <Key>Poi_1966942327</Key>
      <X>1416.67261</X>
      <Y>4719.674</Y>
      <Z>140.260223</Z>
      <Heading>334.7574</Heading>
      <Threshold>2</Threshold>
      <Description>No description</Description>
    </Position>
    <Position Key="Poi_1865176901" actions="sleep">
      <Key>Poi_1865176901</Key>
      <X>1393.27124</X>
      <Y>4712.15869</Y>
      <Z>140.259964</Z>
      <Heading>144.804611</Heading>
      <Threshold>2</Threshold>
      <Description>No description</Description>
    </Position>
    <Position Key="Poi_1851233016" actions="sleep-right">
      <Key>Poi_1851233016</Key>
      <X>1390.05981</X>
      <Y>4711.58643</Y>
      <Z>140.26001</Z>
      <Heading>236.6937</Heading>
      <Threshold>2</Threshold>
      <Description>No description</Description>
    </Position>
    <Position Key="Poi_1821131110" actions="sit,smoke,drink-whiskey">
      <Key>Poi_1821131110</Key>
      <X>1383.12146</X>
      <Y>4710.891</Y>
      <Z>140.239822</Z>
      <Heading>105.311958</Heading>
      <Threshold>2</Threshold>
      <Description>No description</Description>
    </Position>
    <Position Key="Poi_1885437069" actions="sit,smoke,drink-whiskey">
      <Key>Poi_1885437069</Key>
      <X>1398.04114</X>
      <Y>4703.47168</Y>
      <Z>140.239914</Z>
      <Heading>29.33323</Heading>
      <Threshold>2</Threshold>
      <Description>No description</Description>
    </Position>
    <Position Key="Poi_1880645180" actions="sit,smoke,drink-whiskey">
      <Key>Poi_1880645180</Key>
      <X>1396.93762</X>
      <Y>4703.265</Y>
      <Z>140.239914</Z>
      <Heading>27.0380516</Heading>
      <Threshold>2</Threshold>
      <Description>No description</Description>
    </Position>
    <Position Key="Poi_1909729123" actions="sit">
      <Key>Poi_1909729123</Key>
      <X>1403.588</X>
      <Y>4708.867</Y>
      <Z>140.242111</Z>
      <Heading>200.074921</Heading>
      <Threshold>2</Threshold>
      <Description>toilette</Description>
    </Position>
    <Position Key="Poi_1849725327" actions="sit,smoke,drink-whiskey">
      <Key>Poi_1849725327</Key>
      <X>1389.82214</X>
      <Y>4701.47266</Y>
      <Z>140.239761</Z>
      <Heading>23.6288242</Heading>
      <Threshold>2</Threshold>
      <Description>No description</Description>
    </Position>
    <Position Key="Poi_1943072116" actions="sit,smoke,drink-whiskey">
      <Key>Poi_1943072116</Key>
      <X>1411.38647</X>
      <Y>4699.271</Y>
      <Z>140.239777</Z>
      <Heading>149.948349</Heading>
      <Threshold>2</Threshold>
      <Description>No description</Description>
    </Position>
    <Position Key="Poi_1945301644" actions="sit,smoke,drink-whiskey">
      <Key>Poi_1945301644</Key>
      <X>1411.9043</X>
      <Y>4698.96338</Y>
      <Z>140.239777</Z>
      <Heading>151.207657</Heading>
      <Threshold>2</Threshold>
      <Description>No description</Description>
    </Position>
    <Position Key="Poi_2050775091" actions="sit,smoke,drink-whiskey">
      <Key>Poi_2050775091</Key>
      <X>1436.23315</X>
      <Y>4699.86963</Y>
      <Z>140.239792</Z>
      <Heading>46.79705</Heading>
      <Threshold>2</Threshold>
      <Description>No description</Description>
    </Position>
    <Position Key="Poi_2049097425" actions="sit,smoke,drink-whiskey">
      <Key>Poi_2049097425</Key>
      <X>1435.85059</X>
      <Y>4699.44971</Y>
      <Z>140.239792</Z>
      <Heading>46.6782951</Heading>
      <Threshold>2</Threshold>
      <Description>No description</Description>
    </Position>
    <Position Key="Poi_2067265451" actions="sit,smoke,drink-whiskey">
      <Key>Poi_2067265451</Key>
      <X>1439.96313</X>
      <Y>4706.79541</Y>
      <Z>140.239853</Z>
      <Heading>83.80984</Heading>
      <Threshold>2</Threshold>
      <Description>No description</Description>
    </Position>
    <Position Key="Poi_2068540433" actions="sit,smoke,drink-whiskey">
      <Key>Poi_2068540433</Key>
      <X>1440.24756</X>
      <Y>4707.696</Y>
      <Z>140.239853</Z>
      <Heading>73.7126541</Heading>
      <Threshold>2</Threshold>
      <Description>No description</Description>
    </Position>
    <Position Key="Poi_2069625826" actions="sit,smoke,drink-whiskey">
      <Key>Poi_2069625826</Key>
      <X>1440.42664</X>
      <Y>4714.263</Y>
      <Z>140.239853</Z>
      <Heading>274.763458</Heading>
      <Threshold>2</Threshold>
      <Description>No description</Description>
    </Position>
    <Position Key="Poi_2060914275" actions="sit,smoke,drink-whiskey">
      <Key>Poi_2060914275</Key>
      <X>1438.3197</X>
      <Y>4723.158</Y>
      <Z>140.239822</Z>
      <Heading>133.059952</Heading>
      <Threshold>2</Threshold>
      <Description>No description</Description>
    </Position>
    <Position Key="Poi_2059510309" actions="sit,smoke,drink-whiskey">
      <Key>Poi_2059510309</Key>
      <X>1437.99146</X>
      <Y>4723.55127</Y>
      <Z>140.239822</Z>
      <Heading>141.410736</Heading>
      <Threshold>2</Threshold>
      <Description>No description</Description>
    </Position>
    <Position Key="Poi_1963303977" actions="sit,smoke,drink-whiskey">
      <Key>Poi_1963303977</Key>
      <X>1415.76367</X>
      <Y>4726.0835</Y>
      <Z>140.239822</Z>
      <Heading>23.6527348</Heading>
      <Threshold>2</Threshold>
      <Description>No description</Description>
    </Position>
    <Position Key="Poi_1952196771" actions="sit,smoke,drink-whiskey">
      <Key>Poi_1952196771</Key>
      <X>1413.21411</X>
      <Y>4724.84131</Y>
      <Z>140.239822</Z>
      <Heading>27.6254578</Heading>
      <Threshold>2</Threshold>
      <Description>No description</Description>
    </Position>
    <Position Key="Poi_1946967491" actions="sit,smoke,drink-whiskey">
      <Key>Poi_1946967491</Key>
      <X>1412.0144</X>
      <Y>4724.19873</Y>
      <Z>140.239822</Z>
      <Heading>8.658207</Heading>
      <Threshold>2</Threshold>
      <Description>No description</Description>
    </Position>
  </PointOfInterest>
  <Tvs>
    <Position Key="tv_1921811906" renderer="tvscreen" model="1194029334" modelName="prop_tv_flat_michael">
      <Key>tv_1921811906</Key>
      <X>1406.3</X>
      <Y>4714.54</Y>
      <Z>141.2</Z>
      <Heading>285.0001</Heading>
      <Threshold>4</Threshold>
      <Description>Tv model prop_tv_flat_michael</Description>
    </Position>
    <Position Key="tv_1956545176" renderer="prop_ex_computer_screen" model="743064848" modelName="ex_prop_monitor_01_ex">
      <Key>tv_1956545176</Key>
      <X>1414.32</X>
      <Y>4715.6</Y>
      <Z>140.11</Z>
      <Heading>195.000015</Heading>
      <Threshold>4</Threshold>
      <Description>Tv model ex_prop_monitor_01_ex</Description>
    </Position>
    <Position Key="tv_312537029" renderer="ex_tvscreen" model="608950395" modelName="ex_prop_ex_tv_flat_01">
      <Key>tv_312537029</Key>
      <X>-3234.408</X>
      <Y>821.0096</Y>
      <Z>15.21014</Z>
      <Heading>211.9963</Heading>
      <Threshold>4</Threshold>
      <Description>Tv model ex_prop_ex_tv_flat_01</Description>
    </Position>
    <Position Key="tv_2043281876" renderer="ex_tvscreen" model="608950395" modelName="ex_prop_ex_tv_flat_01">
      <Key>tv_2043281876</Key>
      <X>1434.4</X>
      <Y>4715.06</Y>
      <Z>136.2</Z>
      <Heading>14.9999771</Heading>
      <Threshold>4</Threshold>
      <Description>Tv model ex_prop_ex_tv_flat_01</Description>
    </Position>
    <Position Key="tv_1977843083" renderer="ex_tvscreen" model="608950395" modelName="ex_prop_ex_tv_flat_01">
      <Key>tv_1977843083</Key>
      <X>1419.16</X>
      <Y>4721.22</Y>
      <Z>141</Z>
      <Heading>105</Heading>
      <Threshold>4</Threshold>
      <Description>Tv model ex_prop_ex_tv_flat_01</Description>
    </Position>
    <Position Key="tv_1878894663" renderer="ex_tvscreen" model="608950395" modelName="ex_prop_ex_tv_flat_01">
      <Key>tv_1878894663</Key>
      <X>1396.46057</X>
      <Y>4717.34131</Y>
      <Z>134.956879</Z>
      <Heading>15.0000029</Heading>
      <Threshold>4</Threshold>
      <Description>Tv model ex_prop_ex_tv_flat_01</Description>
    </Position>
    <Position Key="tv_1854177623" renderer="ex_tvscreen" model="608950395" modelName="ex_prop_ex_tv_flat_01">
      <Key>tv_1854177623</Key>
      <X>1390.69</X>
      <Y>4714.82</Y>
      <Z>141.2</Z>
      <Heading>14.9999771</Heading>
      <Threshold>4</Threshold>
      <Description>Tv model ex_prop_ex_tv_flat_01</Description>
    </Position>
    <Position Key="tv_1868927135" renderer="ex_tvscreen" model="608950395" modelName="ex_prop_ex_tv_flat_01">
      <Key>tv_1868927135</Key>
      <X>1394.24</X>
      <Y>4701.62</Y>
      <Z>141</Z>
      <Heading>195.000015</Heading>
      <Threshold>4</Threshold>
      <Description>Tv model ex_prop_ex_tv_flat_01</Description>
    </Position>
    <Position Key="tv_1957322849" renderer="prop_x17_tv_ceil_scn_01" model="1503218008" modelName="xm_prop_x17_tv_ceiling_01">
      <Key>tv_1957322849</Key>
      <X>1414.4</X>
      <Y>4721</Y>
      <Z>142.8</Z>
      <Heading>105</Heading>
      <Threshold>4</Threshold>
      <Description>Tv model xm_prop_x17_tv_ceiling_01</Description>
    </Position>
    <Position Key="tv_1772280630" renderer="prop_x17_tv_ceil_scn_01" model="1503218008" modelName="xm_prop_x17_tv_ceiling_01">
      <Key>tv_1772280630</Key>
      <X>1371.8</X>
      <Y>4712.1</Y>
      <Z>142.6</Z>
      <Heading>195.000015</Heading>
      <Threshold>4</Threshold>
      <Description>Tv model xm_prop_x17_tv_ceiling_01</Description>
    </Position>
  </Tvs>
</Root>