﻿<?xml version="1.0" encoding="utf-8"?>
<Root>
  <Security>
    <Position>
      <Key>security-spot_-541624956</Key>
      <X>-1980.081</X>
      <Y>-489.4431</Y>
      <Z>12.17796</Z>
      <Heading>235.6318</Heading>
      <Threshold>2</Threshold>
      <Description></Description>
    </Position>
    <Position>
      <Key>security-spot_-492749282</Key>
      <X>-1989.086</X>
      <Y>-502.5147</Y>
      <Z>12.17823</Z>
      <Heading>313.971</Heading>
      <Threshold>2</Threshold>
      <Description></Description>
    </Position>
    <Position>
      <Key>security-spot_-457803236</Key>
      <X>-1995.076</X>
      <Y>-518.0359</Y>
      <Z>11.76317</Z>
      <Heading>153.0708</Heading>
      <Threshold>2</Threshold>
      <Description></Description>
    </Position>
    <Position>
      <Key>security-spot_-467706716</Key>
      <X>-1992.633</X>
      <Y>-519.8213</Y>
      <Z>11.77328</Z>
      <Heading>153.9263</Heading>
      <Threshold>2</Threshold>
      <Description></Description>
    </Position>
    <Position>
      <Key>security-spot_-463033704</Key>
      <X>-1993.341</X>
      <Y>-505.3819</Y>
      <Z>25.74358</Z>
      <Heading>254.5621</Heading>
      <Threshold>2</Threshold>
      <Description></Description>
    </Position>
  </Security>
  <closets>
    <Position>
      <Key>closet-spot_-525807162</Key>
      <X>-1980.189</X>
      <Y>-501.20047</Y>
      <Z>20.7328262</Z>
      <Heading>0</Heading>
      <Threshold>2</Threshold>
      <Description></Description>
    </Position>
  </closets>
</Root>