﻿<?xml version="1.0" encoding="utf-8"?>
<Root>
  <Security>
    <Position>
      <Key>security-spot_-1353806310</Key>
      <X>-1260.14282</X>
      <Y>803.3139</Y>
      <Z>193.3999</Z>
      <Heading>357.7618</Heading>
      <Threshold>2</Threshold>
      <Description></Description>
    </Position>
    <Position>
      <Key>security-spot_-1377888505</Key>
      <X>-1254.40393</X>
      <Y>805.4042</Y>
      <Z>193.399918</Z>
      <Heading>11.9432859</Heading>
      <Threshold>2</Threshold>
      <Description></Description>
    </Position>
    <Position>
      <Key>security-spot_-1301380644</Key>
      <X>-1268.80579</X>
      <Y>843.3278</Y>
      <Z>190.433578</Z>
      <Heading>50.2969246</Heading>
      <Threshold>2</Threshold>
      <Description></Description>
    </Position>
    <Position>
      <Key>security-spot_-1320108508</Key>
      <X>-1263.6377</X>
      <Y>853.0184</Y>
      <Z>190.688385</Z>
      <Heading>58.3329468</Heading>
      <Threshold>2</Threshold>
      <Description></Description>
    </Position>
    <Position>
      <Key>security-spot_-1451561412</Key>
      <X>-1236.5625</X>
      <Y>815.0781</Y>
      <Z>193.379959</Z>
      <Heading>54.8423157</Heading>
      <Threshold>2</Threshold>
      <Description></Description>
    </Position>
    <Position>
      <Key>security-spot_-1562111570</Key>
      <X>-1212.4519</X>
      <Y>799.2784</Y>
      <Z>191.680084</Z>
      <Heading>146.816376</Heading>
      <Threshold>2</Threshold>
      <Description></Description>
    </Position>
    <Position>
      <Key>security-spot_-1345089195</Key>
      <X>-1265.351</X>
      <Y>766.657349</Y>
      <Z>192.800125</Z>
      <Heading>271.7071</Heading>
      <Threshold>2</Threshold>
      <Description></Description>
    </Position>
    <Position>
      <Key>security-spot_-1349933567</Key>
      <X>-1264.486</X>
      <Y>763.7492</Y>
      <Z>192.800171</Z>
      <Heading>299.047516</Heading>
      <Threshold>2</Threshold>
      <Description></Description>
    </Position>
  </Security>
  <closets>
    <Position>
      <Key>closet-spot_-1452700968</Key>
      <X>-1237.91833</X>
      <Y>795.7174</Y>
      <Z>197.661255</Z>
      <Heading>0</Heading>
      <Threshold>2</Threshold>
      <Description></Description>
    </Position>
    <Position>
      <Key>closet-spot_-1475124288</Key>
      <X>-1233.36841</X>
      <Y>788.6161</Y>
      <Z>197.205032</Z>
      <Heading>0</Heading>
      <Threshold>2</Threshold>
      <Description></Description>
    </Position>
    <Position>
      <Key>closet-spot_-1337243312</Key>
      <X>-1265.43335</X>
      <Y>785.764343</Y>
      <Z>197.205048</Z>
      <Heading>0</Heading>
      <Threshold>2</Threshold>
      <Description></Description>
    </Position>
  </closets>
</Root>