﻿<?xml version="1.0" encoding="utf-8"?>
<Root>
  <closets>
    <Position>
      <Key>closet-spot_-2082009443</Key>
      <X>-262.718079</X>
      <Y>4382.62549</Y>
      <Z>41.2392769</Z>
      <Heading>0</Heading>
      <Threshold>2</Threshold>
      <Description></Description>
    </Position>
  </closets>
  <PointOfInterest>
    <Position Key="Poi_2131841999" actions="sleep">
      <Key>Poi_2131841999</Key>
      <X>-258.066162</X>
      <Y>4374.694</Y>
      <Z>40.8400459</Z>
      <Heading>293.7893</Heading>
      <Threshold>2</Threshold>
      <Description>Bed master sleep left</Description>
    </Position>
    <Position Key="Poi_2063048162" actions="sleep-right">
      <Key>Poi_2063048162</Key>
      <X>-255.051971</X>
      <Y>4372.329</Y>
      <Z>40.8390465</Z>
      <Heading>12.4074221</Heading>
      <Threshold>2</Threshold>
      <Description>Bed master sleep right</Description>
    </Position>
    <Position Key="Poi_-2076484404">
      <Key>Poi_-2076484404</Key>
      <X>-263.039734</X>
      <Y>4381.54639</Y>
      <Z>41.2400742</Z>
      <Heading>350.589325</Heading>
      <Threshold>2</Threshold>
      <Description></Description>
    </Position>
    <Position Key="Poi_-1958519893" actions="sleep">
      <Key>Poi_-1958519893</Key>
      <X>-269.8271</X>
      <Y>4405.958</Y>
      <Z>38.0387573</Z>
      <Heading>303.376465</Heading>
      <Threshold>2</Threshold>
      <Description>No description</Description>
    </Position>
  </PointOfInterest>
</Root>