<?xml version="1.0" encoding="utf-8"?>
<PedOutfit xmlns:xsd="http://www.w3.org/2001/XMLSchema" xmlns:xsi="http://www.w3.org/2001/XMLSchema-instance">
  <Components>
    <int>0</int>
    <int>0</int>
    <int>513</int>
    <int>46</int>
    <int>82</int>
    <int>0</int>
    <int>6</int>
    <int>0</int>
    <int>14</int>
    <int>0</int>
    <int>0</int>
    <int>82</int>
  </Components>
  <Props>
    <int>-1</int>
    <int>-1</int>
    <int>-1</int>
    <int>-1</int>
    <int>-1</int>
    <int>-1</int>
    <int>-1</int>
    <int>-1</int>
  </Props>
</PedOutfit>